{
  "1800005": {
    "name": "Party05",
    "life_current": 200,
    "life_maximum": 200,
    "status_description": "In federal jail permanently",
    "status_color": "red",
    "status_state": "Federal",
    "status_until": 1718496000,
    "level": 5,
    "last_action_relative": "1285 days ago",
    "last_action_timestamp": 1521105627,
    "last_action_status": "Offline",
    "update_timestamp": 1632197311,
    "last_attack_attacker": true,
    "last_attack_timestamp": 0,
    "note": "",
    "color": 0,
    "result": "",
    "fair_fight": 1.0,
    "flat_respect": 0.9431471805599453,
    "base_respect": 0.9431471805599453,
    "win": 1
  },
  "1800028": {
    "name": "ghost_kiss",
    "life_current": 341,
    "life_maximum": 341,
    "status_description": "Okay",
    "status_color": "green",
    "status_state": "Okay",
    "status_until": 0,
    "level": 9,
    "last_action_relative": "2761 days ago",
    "last_action_timestamp": 1393641506,
    "last_action_status": "Offline",
    "update_timestamp": 1632197311,
    "last_attack_attacker": true,
    "last_attack_timestamp": 0,
    "note": "",
    "color": 0,
    "result": "",
    "fair_fight": 1.0,
    "flat_respect": 0.9431471805599453,
    "base_respect": 0.9431471805599453,
    "win": 1
  },
  "1800054": {
    "name": "TheWarthog",
    "life_current": 446,
    "life_maximum": 446,
    "status_description": "In federal jail permanently",
    "status_color": "red",
    "status_state": "Federal",
    "status_until": 1718496000,
    "level": 11,
    "last_action_relative": "2704 days ago",
    "last_action_timestamp": 1398541448,
    "last_action_status": "Offline",
    "update_timestamp": 1632197311,
    "last_attack_attacker": true,
    "last_attack_timestamp": 0,
    "note": "",
    "color": 0,
    "result": "",
    "fair_fight": 1.0,
    "flat_respect": 0.9431471805599453,
    "base_respect": 0.9431471805599453,
    "win": 1
  },
  "1800102": {
    "name": "Subtle_0",
    "life_current": 925,
    "life_maximum": 925,
    "status_description": "In federal jail permanently",
    "status_color": "red",
    "status_state": "Federal",
    "status_until": 1718496000,
    "level": 21,
    "last_action_relative": "2283 days ago",
    "last_action_timestamp": 1434924153,
    "last_action_status": "Offline",
    "update_timestamp": 1632197311,
    "last_attack_attacker": true,
    "last_attack_timestamp": 0,
    "note": "",
    "color": 0,
    "result": "",
    "fair_fight": 1.0,
    "flat_respect": 0.9431471805599453,
    "base_respect": 0.9431471805599453,
    "win": 1
  },
  "1800136": {
    "name": "opeyemi007",
    "life_current": 467,
    "life_maximum": 467,
    "status_description": "Okay",
    "status_color": "green",
    "status_state": "Okay",
    "status_until": 0,
    "level": 11,
    "last_action_relative": "2274 days ago",
    "last_action_timestamp": 1435646483,
    "last_action_status": "Offline",
    "update_timestamp": 1632197311,
    "last_attack_attacker": true,
    "last_attack_timestamp": 0,
    "note": "",
    "color": 0,
    "result": "",
    "fair_fight": 1.0,
    "flat_respect": 0.9431471805599453,
    "base_respect": 0.9431471805599453,
    "win": 1
  },
  "1800186": {
    "name": "Danwedh",
    "life_current": 625,
    "life_maximum": 625,
    "status_description": "Okay",
    "status_color": "green",
    "status_state": "Okay",
    "status_until": 0,
    "level": 15,
    "last_action_relative": "2137 days ago",
    "last_action_timestamp": 1447567785,
    "last_action_status": "Offline",
    "update_timestamp": 1632197311,
    "last_attack_attacker": true,
    "last_attack_timestamp": 0,
    "note": "",
    "color": 0,
    "result": "",
    "fair_fight": 1.0,
    "flat_respect": 0.9431471805599453,
    "base_respect": 0.9431471805599453,
    "win": 1
  },
  "1800319": {
    "name": "Debaser",
    "life_current": 975,
    "life_maximum": 975,
    "status_description": "Okay",
    "status_color": "green",
    "status_state": "Okay",
    "status_until": 0,
    "level": 22,
    "last_action_relative": "802 days ago",
    "last_action_timestamp": 1562890933,
    "last_action_status": "Offline",
    "update_timestamp": 1632197311,
    "last_attack_attacker": true,
    "last_attack_timestamp": 0,
    "note": "",
    "color": 0,
    "result": "",
    "fair_fight": 1.0,
    "flat_respect": 0.9431471805599453,
    "base_respect": 0.9431471805599453,
    "win": 1
  },
  "1800353": {
    "name": "mousiii",
    "life_current": 250,
    "life_maximum": 250,
    "status_description": "In federal jail permanently",
    "status_color": "red",
    "status_state": "Federal",
    "status_until": 1718496000,
    "level": 7,
    "last_action_relative": "2840 days ago",
    "last_action_timestamp": 1386798563,
    "last_action_status": "Offline",
    "update_timestamp": 1632197311,
    "last_attack_attacker": true,
    "last_attack_timestamp": 0,
    "note": "",
    "color": 0,
    "result": "",
    "fair_fight": 1.0,
    "flat_respect": 0.9431471805599453,
    "base_respect": 0.9431471805599453,
    "win": 1
  },
  "1800569": {
    "name": "tealeave",
    "life_current": 325,
    "life_maximum": 325,
    "status_description": "In federal jail permanently",
    "status_color": "red",
    "status_state": "Federal",
    "status_until": 1718496000,
    "level": 9,
    "last_action_relative": "2828 days ago",
    "last_action_timestamp": 1387843547,
    "last_action_status": "Offline",
    "update_timestamp": 1632197311,
    "last_attack_attacker": true,
    "last_attack_timestamp": 0,
    "note": "",
    "color": 0,
    "result": "",
    "fair_fight": 1.0,
    "flat_respect": 0.9431471805599453,
    "base_respect": 0.9431471805599453,
    "win": 1
  },
  "1800610": {
    "name": "KittyKate",
    "life_current": 1230,
    "life_maximum": 1230,
    "status_description": "Okay",
    "status_color": "green",
    "status_state": "Okay",
    "status_until": 0,
    "level": 23,
    "last_action_relative": "2189 days ago",
    "last_action_timestamp": 1443058779,
    "last_action_status": "Offline",
    "update_timestamp": 1632197311,
    "last_attack_attacker": true,
    "last_attack_timestamp": 0,
    "note": "",
    "color": 0,
    "result": "",
    "fair_fight": 1.0,
    "flat_respect": 0.9431471805599453,
    "base_respect": 0.9431471805599453,
    "win": 1
  },
  "1800626": {
    "name": "nrhalslfj",
    "life_current": 907,
    "life_maximum": 907,
    "status_description": "In federal jail permanently",
    "status_color": "red",
    "status_state": "Federal",
    "status_until": 1718496000,
    "level": 19,
    "last_action_relative": "2387 days ago",
    "last_action_timestamp": 1425930887,
    "last_action_status": "Offline",
    "update_timestamp": 1632197311,
    "last_attack_attacker": true,
    "last_attack_timestamp": 0,
    "note": "",
    "color": 0,
    "result": "",
    "fair_fight": 1.0,
    "flat_respect": 0.9431471805599453,
    "base_respect": 0.9431471805599453,
    "win": 1
  },
  "1800630": {
    "name": "Dj_Angel1992",
    "life_current": 577,
    "life_maximum": 577,
    "status_description": "Okay",
    "status_color": "green",
    "status_state": "Okay",
    "status_until": 0,
    "level": 13,
    "last_action_relative": "2185 days ago",
    "last_action_timestamp": 1443402990,
    "last_action_status": "Offline",
    "update_timestamp": 1632197311,
    "last_attack_attacker": true,
    "last_attack_timestamp": 0,
    "note": "",
    "color": 0,
    "result": "",
    "fair_fight": 1.0,
    "flat_respect": 0.9431471805599453,
    "base_respect": 0.9431471805599453,
    "win": 1
  },
  "1800702": {
    "name": "Dylan1996",
    "life_current": 525,
    "life_maximum": 525,
    "status_description": "Okay",
    "status_color": "green",
    "status_state": "Okay",
    "status_until": 0,
    "level": 13,
    "last_action_relative": "2732 days ago",
    "last_action_timestamp": 1396116810,
    "last_action_status": "Offline",
    "update_timestamp": 1632197311,
    "last_attack_attacker": true,
    "last_attack_timestamp": 0,
    "note": "",
    "color": 0,
    "result": "",
    "fair_fight": 1.0,
    "flat_respect": 0.9431471805599453,
    "base_respect": 0.9431471805599453,
    "win": 1
  },
  "1800785": {
    "name": "suspenor",
    "life_current": 467,
    "life_maximum": 467,
    "status_description": "In federal jail permanently",
    "status_color": "red",
    "status_state": "Federal",
    "status_until": 1718496000,
    "level": 11,
    "last_action_relative": "2529 days ago",
    "last_action_timestamp": 1413635112,
    "last_action_status": "Offline",
    "update_timestamp": 1632197311,
    "last_attack_attacker": true,
    "last_attack_timestamp": 0,
    "note": "",
    "color": 0,
    "result": "",
    "fair_fight": 1.0,
    "flat_respect": 0.9431471805599453,
    "base_respect": 0.9431471805599453,
    "win": 1
  },
  "1800890": {
    "name": "DragonBones",
    "life_current": 1025,
    "life_maximum": 1025,
    "status_description": "In Cayman Islands",
    "status_color": "blue",
    "status_state": "Abroad",
    "status_until": 0,
    "level": 23,
    "last_action_relative": "2453 days ago",
    "last_action_timestamp": 1420286793,
    "last_action_status": "Offline",
    "update_timestamp": 1632197311,
    "last_attack_attacker": true,
    "last_attack_timestamp": 0,
    "note": "",
    "color": 0,
    "result": "",
    "fair_fight": 1.0,
    "flat_respect": 0.9431471805599453,
    "base_respect": 0.9431471805599453,
    "win": 1
  },
  "1800905": {
    "name": "FairyTail99",
    "life_current": 925,
    "life_maximum": 925,
    "status_description": "In federal jail permanently",
    "status_color": "red",
    "status_state": "Federal",
    "status_until": 1718496000,
    "level": 21,
    "last_action_relative": "2363 days ago",
    "last_action_timestamp": 1428004831,
    "last_action_status": "Offline",
    "update_timestamp": 1632197311,
    "last_attack_attacker": true,
    "last_attack_timestamp": 0,
    "note": "",
    "color": 0,
    "result": "",
    "fair_fight": 1.0,
    "flat_respect": 0.9431471805599453,
    "base_respect": 0.9431471805599453,
    "win": 1
  },
  "1801000": {
    "name": "KateBunny85",
    "life_current": 852,
    "life_maximum": 852,
    "status_description": "Okay",
    "status_color": "green",
    "status_state": "Okay",
    "status_until": 0,
    "level": 18,
    "last_action_relative": "2097 days ago",
    "last_action_timestamp": 1451028686,
    "last_action_status": "Offline",
    "update_timestamp": 1632197311,
    "last_attack_attacker": true,
    "last_attack_timestamp": 0,
    "note": "",
    "color": 0,
    "result": "",
    "fair_fight": 1.0,
    "flat_respect": 0.9431471805599453,
    "base_respect": 0.9431471805599453,
    "win": 1
  },
  "1801016": {
    "name": "IHawkez",
    "life_current": 551,
    "life_maximum": 551,
    "status_description": "Okay",
    "status_color": "green",
    "status_state": "Okay",
    "status_until": 0,
    "level": 13,
    "last_action_relative": "2722 days ago",
    "last_action_timestamp": 1397027750,
    "last_action_status": "Offline",
    "update_timestamp": 1632197311,
    "last_attack_attacker": true,
    "last_attack_timestamp": 0,
    "note": "",
    "color": 0,
    "result": "",
    "fair_fight": 1.0,
    "flat_respect": 0.9431471805599453,
    "base_respect": 0.9431471805599453,
    "win": 1
  },
  "1801156": {
    "name": "binx",
    "life_current": 325,
    "life_maximum": 325,
    "status_description": "Okay",
    "status_color": "green",
    "status_state": "Okay",
    "status_until": 0,
    "level": 9,
    "last_action_relative": "1632 days ago",
    "last_action_timestamp": 1491140310,
    "last_action_status": "Offline",
    "update_timestamp": 1632197311,
    "last_attack_attacker": true,
    "last_attack_timestamp": 0,
    "note": "",
    "color": 0,
    "result": "",
    "fair_fight": 1.0,
    "flat_respect": 0.9431471805599453,
    "base_respect": 0.9431471805599453,
    "win": 1
  },
  "1801477": {
    "name": "dealy113",
    "life_current": 425,
    "life_maximum": 425,
    "status_description": "Okay",
    "status_color": "green",
    "status_state": "Okay",
    "status_until": 0,
    "level": 11,
    "last_action_relative": "2789 days ago",
    "last_action_timestamp": 1391229547,
    "last_action_status": "Offline",
    "update_timestamp": 1632197311,
    "last_attack_attacker": true,
    "last_attack_timestamp": 0,
    "note": "",
    "color": 0,
    "result": "",
    "fair_fight": 1.0,
    "flat_respect": 0.9431471805599453,
    "base_respect": 0.9431471805599453,
    "win": 1
  },
  "1801490": {
    "name": "gabs",
    "life_current": 925,
    "life_maximum": 925,
    "status_description": "Okay",
    "status_color": "green",
    "status_state": "Okay",
    "status_until": 0,
    "level": 21,
    "last_action_relative": "2200 days ago",
    "last_action_timestamp": 1442137444,
    "last_action_status": "Offline",
    "update_timestamp": 1632197311,
    "last_attack_attacker": true,
    "last_attack_timestamp": 0,
    "note": "",
    "color": 0,
    "result": "",
    "fair_fight": 1.0,
    "flat_respect": 0.9431471805599453,
    "base_respect": 0.9431471805599453,
    "win": 1
  },
  "1801527": {
    "name": "Jawlakee",
    "life_current": 575,
    "life_maximum": 575,
    "status_description": "Okay",
    "status_color": "green",
    "status_state": "Okay",
    "status_until": 0,
    "level": 14,
    "last_action_relative": "2714 days ago",
    "last_action_timestamp": 1397735545,
    "last_action_status": "Offline",
    "update_timestamp": 1632197311,
    "last_attack_attacker": true,
    "last_attack_timestamp": 0,
    "note": "",
    "color": 0,
    "result": "",
    "fair_fight": 1.0,
    "flat_respect": 0.9431471805599453,
    "base_respect": 0.9431471805599453,
    "win": 1
  },
  "1801556": {
    "name": "Razpulv",
    "life_current": 200,
    "life_maximum": 200,
    "status_description": "Okay",
    "status_color": "green",
    "status_state": "Okay",
    "status_until": 0,
    "level": 5,
    "last_action_relative": "2848 days ago",
    "last_action_timestamp": 1386101260,
    "last_action_status": "Offline",
    "update_timestamp": 1632197311,
    "last_attack_attacker": true,
    "last_attack_timestamp": 0,
    "note": "",
    "color": 0,
    "result": "",
    "fair_fight": 1.0,
    "flat_respect": 0.9431471805599453,
    "base_respect": 0.9431471805599453,
    "win": 1
  },
  "1801754": {
    "name": "falloutt4888",
    "life_current": 1025,
    "life_maximum": 1025,
    "status_description": "Okay",
    "status_color": "green",
    "status_state": "Okay",
    "status_until": 0,
    "level": 23,
    "last_action_relative": "2150 days ago",
    "last_action_timestamp": 1446428152,
    "last_action_status": "Offline",
    "update_timestamp": 1632197311,
    "last_attack_attacker": true,
    "last_attack_timestamp": 0,
    "note": "",
    "color": 0,
    "result": "",
    "fair_fight": 1.0,
    "flat_respect": 0.9431471805599453,
    "base_respect": 0.9431471805599453,
    "win": 1
  },
  "1801824": {
    "name": "BabyWhiskey",
    "life_current": 375,
    "life_maximum": 375,
    "status_description": "Okay",
    "status_color": "green",
    "status_state": "Okay",
    "status_until": 0,
    "level": 10,
    "last_action_relative": "2759 days ago",
    "last_action_timestamp": 1393856718,
    "last_action_status": "Offline",
    "update_timestamp": 1632197311,
    "last_attack_attacker": true,
    "last_attack_timestamp": 0,
    "note": "",
    "color": 0,
    "result": "",
    "fair_fight": 1.0,
    "flat_respect": 0.9431471805599453,
    "base_respect": 0.9431471805599453,
    "win": 1
  },
  "1801847": {
    "name": "Kashon",
    "life_current": 761,
    "life_maximum": 761,
    "status_description": "Okay",
    "status_color": "green",
    "status_state": "Okay",
    "status_until": 0,
    "level": 17,
    "last_action_relative": "2586 days ago",
    "last_action_timestamp": 1408777176,
    "last_action_status": "Offline",
    "update_timestamp": 1632197311,
    "last_attack_attacker": true,
    "last_attack_timestamp": 0,
    "note": "",
    "color": 0,
    "result": "",
    "fair_fight": 1.0,
    "flat_respect": 0.9431471805599453,
    "base_respect": 0.9431471805599453,
    "win": 1
  }
}