{
  "1800004": {
    "name": "theinkyawoo",
    "life_current": 150,
    "life_maximum": 150,
    "status_description": "Okay",
    "status_color": "green",
    "status_state": "Okay",
    "status_until": 0,
    "level": 3,
    "last_action_relative": "2780 days ago",
    "last_action_timestamp": 1392005242,
    "last_action_status": "Offline",
    "update_timestamp": 1632197311,
    "last_attack_attacker": true,
    "last_attack_timestamp": 0,
    "note": "",
    "color": 0,
    "result": "",
    "fair_fight": 1.0,
    "flat_respect": 0.9431471805599453,
    "base_respect": 0.9431471805599453,
    "win": 1
  },
  "1800008": {
    "name": "miss_flor",
    "life_current": 375,
    "life_maximum": 375,
    "status_description": "In federal jail permanently",
    "status_color": "red",
    "status_state": "Federal",
    "status_until": 1718496000,
    "level": 10,
    "last_action_relative": "2239 days ago",
    "last_action_timestamp": 1438683795,
    "last_action_status": "Offline",
    "update_timestamp": 1632197311,
    "last_attack_attacker": true,
    "last_attack_timestamp": 0,
    "note": "",
    "color": 0,
    "result": "",
    "fair_fight": 1.0,
    "flat_respect": 0.9431471805599453,
    "base_respect": 0.9431471805599453,
    "win": 1
  },
  "1800009": {
    "name": "euro_mis",
    "life_current": 375,
    "life_maximum": 375,
    "status_description": "In federal jail permanently",
    "status_color": "red",
    "status_state": "Federal",
    "status_until": 1718496000,
    "level": 10,
    "last_action_relative": "2239 days ago",
    "last_action_timestamp": 1438683773,
    "last_action_status": "Offline",
    "update_timestamp": 1632197311,
    "last_attack_attacker": true,
    "last_attack_timestamp": 0,
    "note": "",
    "color": 0,
    "result": "",
    "fair_fight": 1.0,
    "flat_respect": 0.9431471805599453,
    "base_respect": 0.9431471805599453,
    "win": 1
  },
  "1800039": {
    "name": "DucThuan",
    "life_current": 625,
    "life_maximum": 625,
    "status_description": "Okay",
    "status_color": "green",
    "status_state": "Okay",
    "status_until": 0,
    "level": 15,
    "last_action_relative": "2455 days ago",
    "last_action_timestamp": 1420059104,
    "last_action_status": "Offline",
    "update_timestamp": 1632197311,
    "last_attack_attacker": true,
    "last_attack_timestamp": 0,
    "note": "",
    "color": 0,
    "result": "",
    "fair_fight": 1.0,
    "flat_respect": 0.9431471805599453,
    "base_respect": 0.9431471805599453,
    "win": 1
  },
  "1800051": {
    "name": "dada_mae",
    "life_current": 525,
    "life_maximum": 525,
    "status_description": "Okay",
    "status_color": "green",
    "status_state": "Okay",
    "status_until": 0,
    "level": 13,
    "last_action_relative": "2797 days ago",
    "last_action_timestamp": 1390488740,
    "last_action_status": "Offline",
    "update_timestamp": 1632197311,
    "last_attack_attacker": true,
    "last_attack_timestamp": 0,
    "note": "",
    "color": 0,
    "result": "",
    "fair_fight": 1.0,
    "flat_respect": 0.9431471805599453,
    "base_respect": 0.9431471805599453,
    "win": 1
  },
  "1800058": {
    "name": "Adammrazali",
    "life_current": 725,
    "life_maximum": 725,
    "status_description": "Okay",
    "status_color": "green",
    "status_state": "Okay",
    "status_until": 0,
    "level": 17,
    "last_action_relative": "1255 days ago",
    "last_action_timestamp": 1523756017,
    "last_action_status": "Offline",
    "update_timestamp": 1632197311,
    "last_attack_attacker": true,
    "last_attack_timestamp": 0,
    "note": "",
    "color": 0,
    "result": "",
    "fair_fight": 1.0,
    "flat_respect": 0.9431471805599453,
    "base_respect": 0.9431471805599453,
    "win": 1
  },
  "1800079": {
    "name": "madlemur",
    "life_current": 175,
    "life_maximum": 175,
    "status_description": "Okay",
    "status_color": "green",
    "status_state": "Okay",
    "status_until": 0,
    "level": 4,
    "last_action_relative": "2847 days ago",
    "last_action_timestamp": 1386217283,
    "last_action_status": "Offline",
    "update_timestamp": 1632197311,
    "last_attack_attacker": true,
    "last_attack_timestamp": 0,
    "note": "",
    "color": 0,
    "result": "",
    "fair_fight": 1.0,
    "flat_respect": 0.9431471805599453,
    "base_respect": 0.9431471805599453,
    "win": 1
  },
  "1800126": {
    "name": "justrelax",
    "life_current": 150,
    "life_maximum": 150,
    "status_description": "Okay",
    "status_color": "green",
    "status_state": "Okay",
    "status_until": 0,
    "level": 3,
    "last_action_relative": "2845 days ago",
    "last_action_timestamp": 1386350844,
    "last_action_status": "Offline",
    "update_timestamp": 1632197311,
    "last_attack_attacker": true,
    "last_attack_timestamp": 0,
    "note": "",
    "color": 0,
    "result": "",
    "fair_fight": 1.0,
    "flat_respect": 0.9431471805599453,
    "base_respect": 0.9431471805599453,
    "win": 1
  },
  "1800140": {
    "name": "lpcbarreto",
    "life_current": 357,
    "life_maximum": 357,
    "status_description": "Okay",
    "status_color": "green",
    "status_state": "Okay",
    "status_until": 0,
    "level": 9,
    "last_action_relative": "1993 days ago",
    "last_action_timestamp": 1459994017,
    "last_action_status": "Offline",
    "update_timestamp": 1632197311,
    "last_attack_attacker": true,
    "last_attack_timestamp": 0,
    "note": "",
    "color": 0,
    "result": "",
    "fair_fight": 1.0,
    "flat_respect": 0.9431471805599453,
    "base_respect": 0.9431471805599453,
    "win": 1
  },
  "1800156": {
    "name": "skullburns",
    "life_current": 250,
    "life_maximum": 250,
    "status_description": "Okay",
    "status_color": "green",
    "status_state": "Okay",
    "status_until": 0,
    "level": 7,
    "last_action_relative": "2561 days ago",
    "last_action_timestamp": 1410912703,
    "last_action_status": "Offline",
    "update_timestamp": 1632197311,
    "last_attack_attacker": true,
    "last_attack_timestamp": 0,
    "note": "",
    "color": 0,
    "result": "",
    "fair_fight": 1.0,
    "flat_respect": 0.9431471805599453,
    "base_respect": 0.9431471805599453,
    "win": 1
  },
  "1800175": {
    "name": "odonabhan",
    "life_current": 425,
    "life_maximum": 425,
    "status_description": "Okay",
    "status_color": "green",
    "status_state": "Okay",
    "status_until": 0,
    "level": 11,
    "last_action_relative": "2760 days ago",
    "last_action_timestamp": 1393707681,
    "last_action_status": "Offline",
    "update_timestamp": 1632197311,
    "last_attack_attacker": true,
    "last_attack_timestamp": 0,
    "note": "",
    "color": 0,
    "result": "",
    "fair_fight": 1.0,
    "flat_respect": 0.9431471805599453,
    "base_respect": 0.9431471805599453,
    "win": 1
  },
  "1800194": {
    "name": "Axe_star",
    "life_current": 200,
    "life_maximum": 200,
    "status_description": "Okay",
    "status_color": "green",
    "status_state": "Okay",
    "status_until": 0,
    "level": 5,
    "last_action_relative": "2800 days ago",
    "last_action_timestamp": 1390284062,
    "last_action_status": "Offline",
    "update_timestamp": 1632197311,
    "last_attack_attacker": true,
    "last_attack_timestamp": 0,
    "note": "",
    "color": 0,
    "result": "",
    "fair_fight": 1.0,
    "flat_respect": 0.9431471805599453,
    "base_respect": 0.9431471805599453,
    "win": 1
  },
  "1800204": {
    "name": "LucyLUBE",
    "life_current": 200,
    "life_maximum": 200,
    "status_description": "Okay",
    "status_color": "green",
    "status_state": "Okay",
    "status_until": 0,
    "level": 5,
    "last_action_relative": "2657 days ago",
    "last_action_timestamp": 1402599549,
    "last_action_status": "Offline",
    "update_timestamp": 1632197311,
    "last_attack_attacker": true,
    "last_attack_timestamp": 0,
    "note": "",
    "color": 0,
    "result": "",
    "fair_fight": 1.0,
    "flat_respect": 0.9431471805599453,
    "base_respect": 0.9431471805599453,
    "win": 1
  },
  "1800218": {
    "name": "Blubberface",
    "life_current": 150,
    "life_maximum": 150,
    "status_description": "Okay",
    "status_color": "green",
    "status_state": "Okay",
    "status_until": 0,
    "level": 3,
    "last_action_relative": "2844 days ago",
    "last_action_timestamp": 1386456171,
    "last_action_status": "Offline",
    "update_timestamp": 1632197311,
    "last_attack_attacker": true,
    "last_attack_timestamp": 0,
    "note": "",
    "color": 0,
    "result": "",
    "fair_fight": 1.0,
    "flat_respect": 0.9431471805599453,
    "base_respect": 0.9431471805599453,
    "win": 1
  },
  "1800221": {
    "name": "_Tempus_",
    "life_current": 200,
    "life_maximum": 200,
    "status_description": "Okay",
    "status_color": "green",
    "status_state": "Okay",
    "status_until": 0,
    "level": 5,
    "last_action_relative": "2849 days ago",
    "last_action_timestamp": 1386004503,
    "last_action_status": "Offline",
    "update_timestamp": 1632197311,
    "last_attack_attacker": true,
    "last_attack_timestamp": 0,
    "note": "",
    "color": 0,
    "result": "",
    "fair_fight": 1.0,
    "flat_respect": 0.9431471805599453,
    "base_respect": 0.9431471805599453,
    "win": 1
  },
  "1800253": {
    "name": "Bloxxer51",
    "life_current": 687,
    "life_maximum": 687,
    "status_description": "Okay",
    "status_color": "green",
    "status_state": "Okay",
    "status_until": 0,
    "level": 15,
    "last_action_relative": "1143 days ago",
    "last_action_timestamp": 1533438897,
    "last_action_status": "Offline",
    "update_timestamp": 1632197311,
    "last_attack_attacker": true,
    "last_attack_timestamp": 0,
    "note": "",
    "color": 0,
    "result": "",
    "fair_fight": 1.0,
    "flat_respect": 0.9431471805599453,
    "base_respect": 0.9431471805599453,
    "win": 1
  },
  "1800280": {
    "name": "azaad92",
    "life_current": 150,
    "life_maximum": 150,
    "status_description": "Okay",
    "status_color": "green",
    "status_state": "Okay",
    "status_until": 0,
    "level": 3,
    "last_action_relative": "2843 days ago",
    "last_action_timestamp": 1386570929,
    "last_action_status": "Offline",
    "update_timestamp": 1632197311,
    "last_attack_attacker": true,
    "last_attack_timestamp": 0,
    "note": "",
    "color": 0,
    "result": "",
    "fair_fight": 1.0,
    "flat_respect": 0.9431471805599453,
    "base_respect": 0.9431471805599453,
    "win": 1
  },
  "1800285": {
    "name": "huiate",
    "life_current": 125,
    "life_maximum": 125,
    "status_description": "Okay",
    "status_color": "green",
    "status_state": "Okay",
    "status_until": 0,
    "level": 2,
    "last_action_relative": "2212 days ago",
    "last_action_timestamp": 1441044064,
    "last_action_status": "Offline",
    "update_timestamp": 1632197311,
    "last_attack_attacker": true,
    "last_attack_timestamp": 0,
    "note": "",
    "color": 0,
    "result": "",
    "fair_fight": 1.0,
    "flat_respect": 0.9431471805599453,
    "base_respect": 0.9431471805599453,
    "win": 1
  },
  "1800302": {
    "name": "Canadians",
    "life_current": 125,
    "life_maximum": 125,
    "status_description": "Okay",
    "status_color": "green",
    "status_state": "Okay",
    "status_until": 0,
    "level": 2,
    "last_action_relative": "2212 days ago",
    "last_action_timestamp": 1441044304,
    "last_action_status": "Offline",
    "update_timestamp": 1632197311,
    "last_attack_attacker": true,
    "last_attack_timestamp": 0,
    "note": "",
    "color": 0,
    "result": "",
    "fair_fight": 1.0,
    "flat_respect": 0.9431471805599453,
    "base_respect": 0.9431471805599453,
    "win": 1
  },
  "1800357": {
    "name": "xSarah",
    "life_current": 150,
    "life_maximum": 150,
    "status_description": "In federal jail permanently",
    "status_color": "red",
    "status_state": "Federal",
    "status_until": 1718496000,
    "level": 3,
    "last_action_relative": "2489 days ago",
    "last_action_timestamp": 1417099767,
    "last_action_status": "Offline",
    "update_timestamp": 1632197311,
    "last_attack_attacker": true,
    "last_attack_timestamp": 0,
    "note": "",
    "color": 0,
    "result": "",
    "fair_fight": 1.0,
    "flat_respect": 0.9431471805599453,
    "base_respect": 0.9431471805599453,
    "win": 1
  },
  "1800358": {
    "name": "Dealman",
    "life_current": 200,
    "life_maximum": 200,
    "status_description": "Okay",
    "status_color": "green",
    "status_state": "Okay",
    "status_until": 0,
    "level": 5,
    "last_action_relative": "2848 days ago",
    "last_action_timestamp": 1386104704,
    "last_action_status": "Offline",
    "update_timestamp": 1632197311,
    "last_attack_attacker": true,
    "last_attack_timestamp": 0,
    "note": "",
    "color": 0,
    "result": "",
    "fair_fight": 1.0,
    "flat_respect": 0.9431471805599453,
    "base_respect": 0.9431471805599453,
    "win": 1
  },
  "1800386": {
    "name": "James13Gray1no",
    "life_current": 200,
    "life_maximum": 200,
    "status_description": "Okay",
    "status_color": "green",
    "status_state": "Okay",
    "status_until": 0,
    "level": 5,
    "last_action_relative": "2850 days ago",
    "last_action_timestamp": 1385909675,
    "last_action_status": "Offline",
    "update_timestamp": 1632197311,
    "last_attack_attacker": true,
    "last_attack_timestamp": 0,
    "note": "",
    "color": 0,
    "result": "",
    "fair_fight": 1.0,
    "flat_respect": 0.9431471805599453,
    "base_respect": 0.9431471805599453,
    "win": 1
  },
  "1800428": {
    "name": "Iwillwin",
    "life_current": 210,
    "life_maximum": 200,
    "status_description": "In federal jail permanently",
    "status_color": "red",
    "status_state": "Federal",
    "status_until": 1718496000,
    "level": 5,
    "last_action_relative": "2497 days ago",
    "last_action_timestamp": 1416443644,
    "last_action_status": "Offline",
    "update_timestamp": 1632197311,
    "last_attack_attacker": true,
    "last_attack_timestamp": 0,
    "note": "",
    "color": 0,
    "result": "",
    "fair_fight": 1.0,
    "flat_respect": 0.9431471805599453,
    "base_respect": 0.9431471805599453,
    "win": 1
  },
  "1800464": {
    "name": "zachyreicher",
    "life_current": 100,
    "life_maximum": 100,
    "status_description": "Okay",
    "status_color": "green",
    "status_state": "Okay",
    "status_until": 0,
    "level": 1,
    "last_action_relative": "2856 days ago",
    "last_action_timestamp": 1385418934,
    "last_action_status": "Offline",
    "update_timestamp": 1632197311,
    "last_attack_attacker": true,
    "last_attack_timestamp": 0,
    "note": "",
    "color": 0,
    "result": "",
    "fair_fight": 1.0,
    "flat_respect": 0.9431471805599453,
    "base_respect": 0.9431471805599453,
    "win": 1
  },
  "1800495": {
    "name": "Mustang22",
    "life_current": 425,
    "life_maximum": 425,
    "status_description": "Okay",
    "status_color": "green",
    "status_state": "Okay",
    "status_until": 0,
    "level": 11,
    "last_action_relative": "2334 days ago",
    "last_action_timestamp": 1430486726,
    "last_action_status": "Offline",
    "update_timestamp": 1632197311,
    "last_attack_attacker": true,
    "last_attack_timestamp": 0,
    "note": "",
    "color": 0,
    "result": "",
    "fair_fight": 1.0,
    "flat_respect": 0.9431471805599453,
    "base_respect": 0.9431471805599453,
    "win": 1
  },
  "1800503": {
    "name": "blackw0lf",
    "life_current": 425,
    "life_maximum": 425,
    "status_description": "Okay",
    "status_color": "green",
    "status_state": "Okay",
    "status_until": 0,
    "level": 11,
    "last_action_relative": "2299 days ago",
    "last_action_timestamp": 1433576035,
    "last_action_status": "Offline",
    "update_timestamp": 1632197311,
    "last_attack_attacker": true,
    "last_attack_timestamp": 0,
    "note": "",
    "color": 0,
    "result": "",
    "fair_fight": 1.0,
    "flat_respect": 0.9431471805599453,
    "base_respect": 0.9431471805599453,
    "win": 1
  },
  "1800527": {
    "name": "bougyi",
    "life_current": 125,
    "life_maximum": 125,
    "status_description": "Okay",
    "status_color": "green",
    "status_state": "Okay",
    "status_until": 0,
    "level": 2,
    "last_action_relative": "2855 days ago",
    "last_action_timestamp": 1385514752,
    "last_action_status": "Offline",
    "update_timestamp": 1632197311,
    "last_attack_attacker": true,
    "last_attack_timestamp": 0,
    "note": "",
    "color": 0,
    "result": "",
    "fair_fight": 1.0,
    "flat_respect": 0.9431471805599453,
    "base_respect": 0.9431471805599453,
    "win": 1
  },
  "1800554": {
    "name": "humor23",
    "life_current": 150,
    "life_maximum": 150,
    "status_description": "Okay",
    "status_color": "green",
    "status_state": "Okay",
    "status_until": 0,
    "level": 3,
    "last_action_relative": "2770 days ago",
    "last_action_timestamp": 1392806915,
    "last_action_status": "Offline",
    "update_timestamp": 1632197311,
    "last_attack_attacker": true,
    "last_attack_timestamp": 0,
    "note": "",
    "color": 0,
    "result": "",
    "fair_fight": 1.0,
    "flat_respect": 0.9431471805599453,
    "base_respect": 0.9431471805599453,
    "win": 1
  },
  "1800558": {
    "name": "fight98",
    "life_current": 150,
    "life_maximum": 150,
    "status_description": "Okay",
    "status_color": "green",
    "status_state": "Okay",
    "status_until": 0,
    "level": 3,
    "last_action_relative": "2850 days ago",
    "last_action_timestamp": 1385923646,
    "last_action_status": "Offline",
    "update_timestamp": 1632197311,
    "last_attack_attacker": true,
    "last_attack_timestamp": 0,
    "note": "",
    "color": 0,
    "result": "",
    "fair_fight": 1.0,
    "flat_respect": 0.9431471805599453,
    "base_respect": 0.9431471805599453,
    "win": 1
  },
  "1800567": {
    "name": "Fjoker",
    "life_current": 575,
    "life_maximum": 575,
    "status_description": "Okay",
    "status_color": "green",
    "status_state": "Okay",
    "status_until": 0,
    "level": 14,
    "last_action_relative": "2548 days ago",
    "last_action_timestamp": 1412043363,
    "last_action_status": "Offline",
    "update_timestamp": 1632197311,
    "last_attack_attacker": true,
    "last_attack_timestamp": 0,
    "note": "",
    "color": 0,
    "result": "",
    "fair_fight": 1.0,
    "flat_respect": 0.9431471805599453,
    "base_respect": 0.9431471805599453,
    "win": 1
  },
  "1800589": {
    "name": "mouselady",
    "life_current": 325,
    "life_maximum": 325,
    "status_description": "Okay",
    "status_color": "green",
    "status_state": "Okay",
    "status_until": 0,
    "level": 9,
    "last_action_relative": "2613 days ago",
    "last_action_timestamp": 1406453429,
    "last_action_status": "Offline",
    "update_timestamp": 1632197311,
    "last_attack_attacker": true,
    "last_attack_timestamp": 0,
    "note": "",
    "color": 0,
    "result": "",
    "fair_fight": 1.0,
    "flat_respect": 0.9431471805599453,
    "base_respect": 0.9431471805599453,
    "win": 1
  },
  "1800614": {
    "name": "Irouchika",
    "life_current": 675,
    "life_maximum": 675,
    "status_description": "Okay",
    "status_color": "green",
    "status_state": "Okay",
    "status_until": 0,
    "level": 16,
    "last_action_relative": "1617 days ago",
    "last_action_timestamp": 1492426993,
    "last_action_status": "Offline",
    "update_timestamp": 1632197311,
    "last_attack_attacker": true,
    "last_attack_timestamp": 0,
    "note": "",
    "color": 0,
    "result": "",
    "fair_fight": 1.0,
    "flat_respect": 0.9431471805599453,
    "base_respect": 0.9431471805599453,
    "win": 1
  },
  "1800617": {
    "name": "jord1epord1e",
    "life_current": 1072,
    "life_maximum": 1072,
    "status_description": "Okay",
    "status_color": "green",
    "status_state": "Okay",
    "status_until": 0,
    "level": 22,
    "last_action_relative": "683 days ago",
    "last_action_timestamp": 1573143161,
    "last_action_status": "Offline",
    "update_timestamp": 1632197311,
    "last_attack_attacker": true,
    "last_attack_timestamp": 0,
    "note": "",
    "color": 0,
    "result": "",
    "fair_fight": 1.0,
    "flat_respect": 0.9431471805599453,
    "base_respect": 0.9431471805599453,
    "win": 1
  },
  "1800639": {
    "name": "DonStampo",
    "life_current": 175,
    "life_maximum": 175,
    "status_description": "Okay",
    "status_color": "green",
    "status_state": "Okay",
    "status_until": 0,
    "level": 4,
    "last_action_relative": "2852 days ago",
    "last_action_timestamp": 1385737976,
    "last_action_status": "Offline",
    "update_timestamp": 1632197311,
    "last_attack_attacker": true,
    "last_attack_timestamp": 0,
    "note": "",
    "color": 0,
    "result": "",
    "fair_fight": 1.0,
    "flat_respect": 0.9431471805599453,
    "base_respect": 0.9431471805599453,
    "win": 1
  },
  "1800641": {
    "name": "CaytonXen",
    "life_current": 446,
    "life_maximum": 446,
    "status_description": "Okay",
    "status_color": "green",
    "status_state": "Okay",
    "status_until": 0,
    "level": 11,
    "last_action_relative": "2793 days ago",
    "last_action_timestamp": 1390841173,
    "last_action_status": "Offline",
    "update_timestamp": 1632197311,
    "last_attack_attacker": true,
    "last_attack_timestamp": 0,
    "note": "",
    "color": 0,
    "result": "",
    "fair_fight": 1.0,
    "flat_respect": 0.9431471805599453,
    "base_respect": 0.9431471805599453,
    "win": 1
  },
  "1800645": {
    "name": "odinthegod",
    "life_current": 200,
    "life_maximum": 200,
    "status_description": "Okay",
    "status_color": "green",
    "status_state": "Okay",
    "status_until": 0,
    "level": 5,
    "last_action_relative": "2810 days ago",
    "last_action_timestamp": 1389377032,
    "last_action_status": "Offline",
    "update_timestamp": 1632197311,
    "last_attack_attacker": true,
    "last_attack_timestamp": 0,
    "note": "",
    "color": 0,
    "result": "",
    "fair_fight": 1.0,
    "flat_respect": 0.9431471805599453,
    "base_respect": 0.9431471805599453,
    "win": 1
  },
  "1800646": {
    "name": "phoneix039",
    "life_current": 341,
    "life_maximum": 341,
    "status_description": "Okay",
    "status_color": "green",
    "status_state": "Okay",
    "status_until": 0,
    "level": 9,
    "last_action_relative": "2808 days ago",
    "last_action_timestamp": 1389537954,
    "last_action_status": "Offline",
    "update_timestamp": 1632197311,
    "last_attack_attacker": true,
    "last_attack_timestamp": 0,
    "note": "",
    "color": 0,
    "result": "",
    "fair_fight": 1.0,
    "flat_respect": 0.9431471805599453,
    "base_respect": 0.9431471805599453,
    "win": 1
  },
  "1800661": {
    "name": "J_Stuppy",
    "life_current": 200,
    "life_maximum": 200,
    "status_description": "Okay",
    "status_color": "green",
    "status_state": "Okay",
    "status_until": 0,
    "level": 5,
    "last_action_relative": "2783 days ago",
    "last_action_timestamp": 1391696586,
    "last_action_status": "Offline",
    "update_timestamp": 1632197311,
    "last_attack_attacker": true,
    "last_attack_timestamp": 0,
    "note": "",
    "color": 0,
    "result": "",
    "fair_fight": 1.0,
    "flat_respect": 0.9431471805599453,
    "base_respect": 0.9431471805599453,
    "win": 1
  },
  "1800666": {
    "name": "ForestForde",
    "life_current": 150,
    "life_maximum": 150,
    "status_description": "Okay",
    "status_color": "green",
    "status_state": "Okay",
    "status_until": 0,
    "level": 3,
    "last_action_relative": "2851 days ago",
    "last_action_timestamp": 1385834565,
    "last_action_status": "Offline",
    "update_timestamp": 1632197311,
    "last_attack_attacker": true,
    "last_attack_timestamp": 0,
    "note": "",
    "color": 0,
    "result": "",
    "fair_fight": 1.0,
    "flat_respect": 0.9431471805599453,
    "base_respect": 0.9431471805599453,
    "win": 1
  },
  "1800668": {
    "name": "MajorDicks",
    "life_current": 275,
    "life_maximum": 275,
    "status_description": "Okay",
    "status_color": "green",
    "status_state": "Okay",
    "status_until": 0,
    "level": 8,
    "last_action_relative": "2815 days ago",
    "last_action_timestamp": 1388951605,
    "last_action_status": "Offline",
    "update_timestamp": 1632197311,
    "last_attack_attacker": true,
    "last_attack_timestamp": 0,
    "note": "",
    "color": 0,
    "result": "",
    "fair_fight": 1.0,
    "flat_respect": 0.9431471805599453,
    "base_respect": 0.9431471805599453,
    "win": 1
  },
  "1800673": {
    "name": "TheDeciple",
    "life_current": 475,
    "life_maximum": 475,
    "status_description": "In federal jail permanently",
    "status_color": "red",
    "status_state": "Federal",
    "status_until": 1718496000,
    "level": 12,
    "last_action_relative": "2360 days ago",
    "last_action_timestamp": 1428290622,
    "last_action_status": "Offline",
    "update_timestamp": 1632197311,
    "last_attack_attacker": true,
    "last_attack_timestamp": 0,
    "note": "",
    "color": 0,
    "result": "",
    "fair_fight": 1.0,
    "flat_respect": 0.9431471805599453,
    "base_respect": 0.9431471805599453,
    "win": 1
  },
  "1800680": {
    "name": "Steele1179",
    "life_current": 708,
    "life_maximum": 708,
    "status_description": "Okay",
    "status_color": "green",
    "status_state": "Okay",
    "status_until": 0,
    "level": 16,
    "last_action_relative": "2453 days ago",
    "last_action_timestamp": 1420210066,
    "last_action_status": "Offline",
    "update_timestamp": 1632197311,
    "last_attack_attacker": true,
    "last_attack_timestamp": 0,
    "note": "",
    "color": 0,
    "result": "",
    "fair_fight": 1.0,
    "flat_respect": 0.9431471805599453,
    "base_respect": 0.9431471805599453,
    "win": 1
  },
  "1800715": {
    "name": "jed22",
    "life_current": 687,
    "life_maximum": 687,
    "status_description": "Okay",
    "status_color": "green",
    "status_state": "Okay",
    "status_until": 0,
    "level": 15,
    "last_action_relative": "1793 days ago",
    "last_action_timestamp": 1477262950,
    "last_action_status": "Offline",
    "update_timestamp": 1632197311,
    "last_attack_attacker": true,
    "last_attack_timestamp": 0,
    "note": "",
    "color": 0,
    "result": "",
    "fair_fight": 1.0,
    "flat_respect": 0.9431471805599453,
    "base_respect": 0.9431471805599453,
    "win": 1
  },
  "1800722": {
    "name": "Nurse69",
    "life_current": 551,
    "life_maximum": 551,
    "status_description": "Okay",
    "status_color": "green",
    "status_state": "Okay",
    "status_until": 0,
    "level": 13,
    "last_action_relative": "2283 days ago",
    "last_action_timestamp": 1434935193,
    "last_action_status": "Offline",
    "update_timestamp": 1632197311,
    "last_attack_attacker": true,
    "last_attack_timestamp": 0,
    "note": "",
    "color": 0,
    "result": "",
    "fair_fight": 1.0,
    "flat_respect": 0.9431471805599453,
    "base_respect": 0.9431471805599453,
    "win": 1
  },
  "1800749": {
    "name": "harsan25",
    "life_current": 375,
    "life_maximum": 375,
    "status_description": "In federal jail permanently",
    "status_color": "red",
    "status_state": "Federal",
    "status_until": 1718496000,
    "level": 10,
    "last_action_relative": "2857 days ago",
    "last_action_timestamp": 1385376130,
    "last_action_status": "Offline",
    "update_timestamp": 1632197311,
    "last_attack_attacker": true,
    "last_attack_timestamp": 0,
    "note": "",
    "color": 0,
    "result": "",
    "fair_fight": 1.0,
    "flat_respect": 0.9431471805599453,
    "base_respect": 0.9431471805599453,
    "win": 1
  },
  "1800754": {
    "name": "karminnlazz",
    "life_current": 175,
    "life_maximum": 175,
    "status_description": "In federal jail permanently",
    "status_color": "red",
    "status_state": "Federal",
    "status_until": 1718496000,
    "level": 4,
    "last_action_relative": "2857 days ago",
    "last_action_timestamp": 1385352343,
    "last_action_status": "Offline",
    "update_timestamp": 1632197311,
    "last_attack_attacker": true,
    "last_attack_timestamp": 0,
    "note": "",
    "color": 0,
    "result": "",
    "fair_fight": 1.0,
    "flat_respect": 0.9431471805599453,
    "base_respect": 0.9431471805599453,
    "win": 1
  },
  "1800799": {
    "name": "fine_porcelain",
    "life_current": 446,
    "life_maximum": 446,
    "status_description": "Okay",
    "status_color": "green",
    "status_state": "Okay",
    "status_until": 0,
    "level": 11,
    "last_action_relative": "2461 days ago",
    "last_action_timestamp": 1419590585,
    "last_action_status": "Offline",
    "update_timestamp": 1632197311,
    "last_attack_attacker": true,
    "last_attack_timestamp": 0,
    "note": "",
    "color": 0,
    "result": "",
    "fair_fight": 1.0,
    "flat_respect": 0.9431471805599453,
    "base_respect": 0.9431471805599453,
    "win": 1
  },
  "1800817": {
    "name": "maaza",
    "life_current": 875,
    "life_maximum": 875,
    "status_description": "Okay",
    "status_color": "green",
    "status_state": "Okay",
    "status_until": 0,
    "level": 20,
    "last_action_relative": "2233 days ago",
    "last_action_timestamp": 1439271828,
    "last_action_status": "Offline",
    "update_timestamp": 1632197311,
    "last_attack_attacker": true,
    "last_attack_timestamp": 0,
    "note": "",
    "color": 0,
    "result": "",
    "fair_fight": 1.0,
    "flat_respect": 0.9431471805599453,
    "base_respect": 0.9431471805599453,
    "win": 1
  },
  "1800828": {
    "name": "wrongraven",
    "life_current": 125,
    "life_maximum": 125,
    "status_description": "Okay",
    "status_color": "green",
    "status_state": "Okay",
    "status_until": 0,
    "level": 2,
    "last_action_relative": "2859 days ago",
    "last_action_timestamp": 1385136597,
    "last_action_status": "Offline",
    "update_timestamp": 1632197311,
    "last_attack_attacker": true,
    "last_attack_timestamp": 0,
    "note": "",
    "color": 0,
    "result": "",
    "fair_fight": 1.0,
    "flat_respect": 0.9431471805599453,
    "base_respect": 0.9431471805599453,
    "win": 1
  },
  "1800848": {
    "name": "mudwife1990",
    "life_current": 525,
    "life_maximum": 525,
    "status_description": "In federal jail permanently",
    "status_color": "red",
    "status_state": "Federal",
    "status_until": 1718496000,
    "level": 13,
    "last_action_relative": "1959 days ago",
    "last_action_timestamp": 1462890558,
    "last_action_status": "Offline",
    "update_timestamp": 1632197311,
    "last_attack_attacker": true,
    "last_attack_timestamp": 0,
    "note": "",
    "color": 0,
    "result": "",
    "fair_fight": 1.0,
    "flat_respect": 0.9431471805599453,
    "base_respect": 0.9431471805599453,
    "win": 1
  },
  "1800852": {
    "name": "lihanlim",
    "life_current": 625,
    "life_maximum": 625,
    "status_description": "Okay",
    "status_color": "green",
    "status_state": "Okay",
    "status_until": 0,
    "level": 15,
    "last_action_relative": "1029 days ago",
    "last_action_timestamp": 1543276021,
    "last_action_status": "Offline",
    "update_timestamp": 1632197311,
    "last_attack_attacker": true,
    "last_attack_timestamp": 0,
    "note": "",
    "color": 0,
    "result": "",
    "fair_fight": 1.0,
    "flat_respect": 0.9431471805599453,
    "base_respect": 0.9431471805599453,
    "win": 1
  },
  "1800866": {
    "name": "Dragonrage",
    "life_current": 125,
    "life_maximum": 125,
    "status_description": "Okay",
    "status_color": "green",
    "status_state": "Okay",
    "status_until": 0,
    "level": 2,
    "last_action_relative": "2858 days ago",
    "last_action_timestamp": 1385247168,
    "last_action_status": "Offline",
    "update_timestamp": 1632197311,
    "last_attack_attacker": true,
    "last_attack_timestamp": 0,
    "note": "",
    "color": 0,
    "result": "",
    "fair_fight": 1.0,
    "flat_respect": 0.9431471805599453,
    "base_respect": 0.9431471805599453,
    "win": 1
  },
  "1800884": {
    "name": "K2GSTAR",
    "life_current": 656,
    "life_maximum": 656,
    "status_description": "Okay",
    "status_color": "green",
    "status_state": "Okay",
    "status_until": 0,
    "level": 15,
    "last_action_relative": "2730 days ago",
    "last_action_timestamp": 1396348005,
    "last_action_status": "Offline",
    "update_timestamp": 1632197311,
    "last_attack_attacker": true,
    "last_attack_timestamp": 0,
    "note": "",
    "color": 0,
    "result": "",
    "fair_fight": 1.0,
    "flat_respect": 0.9431471805599453,
    "base_respect": 0.9431471805599453,
    "win": 1
  },
  "1800906": {
    "name": "CookieGoddess",
    "life_current": 250,
    "life_maximum": 250,
    "status_description": "Okay",
    "status_color": "green",
    "status_state": "Okay",
    "status_until": 0,
    "level": 7,
    "last_action_relative": "2678 days ago",
    "last_action_timestamp": 1400788117,
    "last_action_status": "Offline",
    "update_timestamp": 1632197311,
    "last_attack_attacker": true,
    "last_attack_timestamp": 0,
    "note": "",
    "color": 0,
    "result": "",
    "fair_fight": 1.0,
    "flat_respect": 0.9431471805599453,
    "base_respect": 0.9431471805599453,
    "win": 1
  },
  "1800911": {
    "name": "FluuphiWaffles",
    "life_current": 150,
    "life_maximum": 150,
    "status_description": "Okay",
    "status_color": "green",
    "status_state": "Okay",
    "status_until": 0,
    "level": 3,
    "last_action_relative": "2854 days ago",
    "last_action_timestamp": 1385604863,
    "last_action_status": "Offline",
    "update_timestamp": 1632197311,
    "last_attack_attacker": true,
    "last_attack_timestamp": 0,
    "note": "",
    "color": 0,
    "result": "",
    "fair_fight": 1.0,
    "flat_respect": 0.9431471805599453,
    "base_respect": 0.9431471805599453,
    "win": 1
  },
  "1800957": {
    "name": "Jujumay",
    "life_current": 175,
    "life_maximum": 175,
    "status_description": "Okay",
    "status_color": "green",
    "status_state": "Okay",
    "status_until": 0,
    "level": 4,
    "last_action_relative": "2852 days ago",
    "last_action_timestamp": 1385807556,
    "last_action_status": "Offline",
    "update_timestamp": 1632197311,
    "last_attack_attacker": true,
    "last_attack_timestamp": 0,
    "note": "",
    "color": 0,
    "result": "",
    "fair_fight": 1.0,
    "flat_respect": 0.9431471805599453,
    "base_respect": 0.9431471805599453,
    "win": 1
  },
  "1800973": {
    "name": "LilBun",
    "life_current": 577,
    "life_maximum": 577,
    "status_description": "Okay",
    "status_color": "green",
    "status_state": "Okay",
    "status_until": 0,
    "level": 13,
    "last_action_relative": "1912 days ago",
    "last_action_timestamp": 1466972583,
    "last_action_status": "Offline",
    "update_timestamp": 1632197311,
    "last_attack_attacker": true,
    "last_attack_timestamp": 0,
    "note": "",
    "color": 0,
    "result": "",
    "fair_fight": 1.0,
    "flat_respect": 0.9431471805599453,
    "base_respect": 0.9431471805599453,
    "win": 1
  },
  "1801011": {
    "name": "sutoung",
    "life_current": 275,
    "life_maximum": 275,
    "status_description": "Okay",
    "status_color": "green",
    "status_state": "Okay",
    "status_until": 0,
    "level": 8,
    "last_action_relative": "2689 days ago",
    "last_action_timestamp": 1399862876,
    "last_action_status": "Offline",
    "update_timestamp": 1632197311,
    "last_attack_attacker": true,
    "last_attack_timestamp": 0,
    "note": "",
    "color": 0,
    "result": "",
    "fair_fight": 1.0,
    "flat_respect": 0.9431471805599453,
    "base_respect": 0.9431471805599453,
    "win": 1
  },
  "1801015": {
    "name": "babybook",
    "life_current": 250,
    "life_maximum": 250,
    "status_description": "Okay",
    "status_color": "green",
    "status_state": "Okay",
    "status_until": 0,
    "level": 7,
    "last_action_relative": "2689 days ago",
    "last_action_timestamp": 1399862755,
    "last_action_status": "Offline",
    "update_timestamp": 1632197311,
    "last_attack_attacker": true,
    "last_attack_timestamp": 0,
    "note": "",
    "color": 0,
    "result": "",
    "fair_fight": 1.0,
    "flat_respect": 0.9431471805599453,
    "base_respect": 0.9431471805599453,
    "win": 1
  },
  "1801018": {
    "name": "legal",
    "life_current": 275,
    "life_maximum": 275,
    "status_description": "Okay",
    "status_color": "green",
    "status_state": "Okay",
    "status_until": 0,
    "level": 8,
    "last_action_relative": "2689 days ago",
    "last_action_timestamp": 1399862895,
    "last_action_status": "Offline",
    "update_timestamp": 1632197311,
    "last_attack_attacker": true,
    "last_attack_timestamp": 0,
    "note": "",
    "color": 0,
    "result": "",
    "fair_fight": 1.0,
    "flat_respect": 0.9431471805599453,
    "base_respect": 0.9431471805599453,
    "win": 1
  },
  "1801104": {
    "name": "jail_bird",
    "life_current": 431,
    "life_maximum": 431,
    "status_description": "In federal jail permanently",
    "status_color": "red",
    "status_state": "Federal",
    "status_until": 1718496000,
    "level": 10,
    "last_action_relative": "2531 days ago",
    "last_action_timestamp": 1413499057,
    "last_action_status": "Offline",
    "update_timestamp": 1632197311,
    "last_attack_attacker": true,
    "last_attack_timestamp": 0,
    "note": "",
    "color": 0,
    "result": "",
    "fair_fight": 1.0,
    "flat_respect": 0.9431471805599453,
    "base_respect": 0.9431471805599453,
    "win": 1
  },
  "1801143": {
    "name": "hotmob",
    "life_current": 1063,
    "life_maximum": 1063,
    "status_description": "Okay",
    "status_color": "green",
    "status_state": "Okay",
    "status_until": 0,
    "level": 21,
    "last_action_relative": "991 days ago",
    "last_action_timestamp": 1546565998,
    "last_action_status": "Offline",
    "update_timestamp": 1632197311,
    "last_attack_attacker": true,
    "last_attack_timestamp": 0,
    "note": "",
    "color": 0,
    "result": "",
    "fair_fight": 1.0,
    "flat_respect": 0.9431471805599453,
    "base_respect": 0.9431471805599453,
    "win": 1
  },
  "1801147": {
    "name": "Ruiisu",
    "life_current": 125,
    "life_maximum": 125,
    "status_description": "Okay",
    "status_color": "green",
    "status_state": "Okay",
    "status_until": 0,
    "level": 2,
    "last_action_relative": "2853 days ago",
    "last_action_timestamp": 1385683329,
    "last_action_status": "Offline",
    "update_timestamp": 1632197311,
    "last_attack_attacker": true,
    "last_attack_timestamp": 0,
    "note": "",
    "color": 0,
    "result": "",
    "fair_fight": 1.0,
    "flat_respect": 0.9431471805599453,
    "base_respect": 0.9431471805599453,
    "win": 1
  },
  "1801157": {
    "name": "hyenaslover",
    "life_current": 375,
    "life_maximum": 375,
    "status_description": "Okay",
    "status_color": "green",
    "status_state": "Okay",
    "status_until": 0,
    "level": 10,
    "last_action_relative": "2517 days ago",
    "last_action_timestamp": 1414730784,
    "last_action_status": "Offline",
    "update_timestamp": 1632197311,
    "last_attack_attacker": true,
    "last_attack_timestamp": 0,
    "note": "",
    "color": 0,
    "result": "",
    "fair_fight": 1.0,
    "flat_respect": 0.9431471805599453,
    "base_respect": 0.9431471805599453,
    "win": 1
  },
  "1801163": {
    "name": "Violenteruption",
    "life_current": 475,
    "life_maximum": 475,
    "status_description": "Okay",
    "status_color": "green",
    "status_state": "Okay",
    "status_until": 0,
    "level": 12,
    "last_action_relative": "2283 days ago",
    "last_action_timestamp": 1434921110,
    "last_action_status": "Offline",
    "update_timestamp": 1632197311,
    "last_attack_attacker": true,
    "last_attack_timestamp": 0,
    "note": "",
    "color": 0,
    "result": "",
    "fair_fight": 1.0,
    "flat_respect": 0.9431471805599453,
    "base_respect": 0.9431471805599453,
    "win": 1
  },
  "1801177": {
    "name": "eman2",
    "life_current": 100,
    "life_maximum": 100,
    "status_description": "Okay",
    "status_color": "green",
    "status_state": "Okay",
    "status_until": 0,
    "level": 1,
    "last_action_relative": "2849 days ago",
    "last_action_timestamp": 1386035138,
    "last_action_status": "Offline",
    "update_timestamp": 1632197311,
    "last_attack_attacker": true,
    "last_attack_timestamp": 0,
    "note": "",
    "color": 0,
    "result": "",
    "fair_fight": 1.0,
    "flat_respect": 0.9431471805599453,
    "base_respect": 0.9431471805599453,
    "win": 1
  },
  "1801183": {
    "name": "lwinkohtet",
    "life_current": 325,
    "life_maximum": 325,
    "status_description": "Okay",
    "status_color": "green",
    "status_state": "Okay",
    "status_until": 0,
    "level": 9,
    "last_action_relative": "2623 days ago",
    "last_action_timestamp": 1405553627,
    "last_action_status": "Offline",
    "update_timestamp": 1632197311,
    "last_attack_attacker": true,
    "last_attack_timestamp": 0,
    "note": "",
    "color": 0,
    "result": "",
    "fair_fight": 1.0,
    "flat_respect": 0.9431471805599453,
    "base_respect": 0.9431471805599453,
    "win": 1
  },
  "1801187": {
    "name": "floraider",
    "life_current": 288,
    "life_maximum": 288,
    "status_description": "Okay",
    "status_color": "green",
    "status_state": "Okay",
    "status_until": 0,
    "level": 8,
    "last_action_relative": "1667 days ago",
    "last_action_timestamp": 1488167209,
    "last_action_status": "Offline",
    "update_timestamp": 1632197311,
    "last_attack_attacker": true,
    "last_attack_timestamp": 0,
    "note": "",
    "color": 0,
    "result": "",
    "fair_fight": 1.0,
    "flat_respect": 0.9431471805599453,
    "base_respect": 0.9431471805599453,
    "win": 1
  },
  "1801189": {
    "name": "Zombiekiller137",
    "life_current": 200,
    "life_maximum": 200,
    "status_description": "Okay",
    "status_color": "green",
    "status_state": "Okay",
    "status_until": 0,
    "level": 5,
    "last_action_relative": "2678 days ago",
    "last_action_timestamp": 1400849738,
    "last_action_status": "Offline",
    "update_timestamp": 1632197311,
    "last_attack_attacker": true,
    "last_attack_timestamp": 0,
    "note": "",
    "color": 0,
    "result": "",
    "fair_fight": 1.0,
    "flat_respect": 0.9431471805599453,
    "base_respect": 0.9431471805599453,
    "win": 1
  },
  "1801203": {
    "name": "ElConstantine",
    "life_current": 708,
    "life_maximum": 708,
    "status_description": "Okay",
    "status_color": "green",
    "status_state": "Okay",
    "status_until": 0,
    "level": 16,
    "last_action_relative": "2646 days ago",
    "last_action_timestamp": 1403545494,
    "last_action_status": "Offline",
    "update_timestamp": 1632197311,
    "last_attack_attacker": true,
    "last_attack_timestamp": 0,
    "note": "",
    "color": 0,
    "result": "",
    "fair_fight": 1.0,
    "flat_respect": 0.9431471805599453,
    "base_respect": 0.9431471805599453,
    "win": 1
  },
  "1801204": {
    "name": "chuffmaster2k",
    "life_current": 575,
    "life_maximum": 575,
    "status_description": "Okay",
    "status_color": "green",
    "status_state": "Okay",
    "status_until": 0,
    "level": 14,
    "last_action_relative": "2380 days ago",
    "last_action_timestamp": 1426526472,
    "last_action_status": "Offline",
    "update_timestamp": 1632197311,
    "last_attack_attacker": true,
    "last_attack_timestamp": 0,
    "note": "",
    "color": 0,
    "result": "",
    "fair_fight": 1.0,
    "flat_respect": 0.9431471805599453,
    "base_respect": 0.9431471805599453,
    "win": 1
  },
  "1801229": {
    "name": "Uthgerd",
    "life_current": 510,
    "life_maximum": 510,
    "status_description": "Okay",
    "status_color": "green",
    "status_state": "Okay",
    "status_until": 0,
    "level": 11,
    "last_action_relative": "2375 days ago",
    "last_action_timestamp": 1426979172,
    "last_action_status": "Offline",
    "update_timestamp": 1632197311,
    "last_attack_attacker": true,
    "last_attack_timestamp": 0,
    "note": "",
    "color": 0,
    "result": "",
    "fair_fight": 1.0,
    "flat_respect": 0.9431471805599453,
    "base_respect": 0.9431471805599453,
    "win": 1
  },
  "1801316": {
    "name": "Tlazolteotl",
    "life_current": 125,
    "life_maximum": 125,
    "status_description": "Okay",
    "status_color": "green",
    "status_state": "Okay",
    "status_until": 0,
    "level": 2,
    "last_action_relative": "2856 days ago",
    "last_action_timestamp": 1385410147,
    "last_action_status": "Offline",
    "update_timestamp": 1632197311,
    "last_attack_attacker": true,
    "last_attack_timestamp": 0,
    "note": "",
    "color": 0,
    "result": "",
    "fair_fight": 1.0,
    "flat_respect": 0.9431471805599453,
    "base_respect": 0.9431471805599453,
    "win": 1
  },
  "1801340": {
    "name": "specialid",
    "life_current": 250,
    "life_maximum": 250,
    "status_description": "Okay",
    "status_color": "green",
    "status_state": "Okay",
    "status_until": 0,
    "level": 7,
    "last_action_relative": "2689 days ago",
    "last_action_timestamp": 1399861352,
    "last_action_status": "Offline",
    "update_timestamp": 1632197311,
    "last_attack_attacker": true,
    "last_attack_timestamp": 0,
    "note": "",
    "color": 0,
    "result": "",
    "fair_fight": 1.0,
    "flat_respect": 0.9431471805599453,
    "base_respect": 0.9431471805599453,
    "win": 1
  },
  "1801344": {
    "name": "superkidz",
    "life_current": 275,
    "life_maximum": 275,
    "status_description": "Okay",
    "status_color": "green",
    "status_state": "Okay",
    "status_until": 0,
    "level": 8,
    "last_action_relative": "2689 days ago",
    "last_action_timestamp": 1399862540,
    "last_action_status": "Offline",
    "update_timestamp": 1632197311,
    "last_attack_attacker": true,
    "last_attack_timestamp": 0,
    "note": "",
    "color": 0,
    "result": "",
    "fair_fight": 1.0,
    "flat_respect": 0.9431471805599453,
    "base_respect": 0.9431471805599453,
    "win": 1
  },
  "1801360": {
    "name": "CyrIsss",
    "life_current": 525,
    "life_maximum": 525,
    "status_description": "Okay",
    "status_color": "green",
    "status_state": "Okay",
    "status_until": 0,
    "level": 13,
    "last_action_relative": "2594 days ago",
    "last_action_timestamp": 1408091975,
    "last_action_status": "Offline",
    "update_timestamp": 1632197311,
    "last_attack_attacker": true,
    "last_attack_timestamp": 0,
    "note": "",
    "color": 0,
    "result": "",
    "fair_fight": 1.0,
    "flat_respect": 0.9431471805599453,
    "base_respect": 0.9431471805599453,
    "win": 1
  },
  "1801362": {
    "name": "Dgmonkiller",
    "life_current": 475,
    "life_maximum": 475,
    "status_description": "In federal jail permanently",
    "status_color": "red",
    "status_state": "Federal",
    "status_until": 1718496000,
    "level": 12,
    "last_action_relative": "2166 days ago",
    "last_action_timestamp": 1445022545,
    "last_action_status": "Offline",
    "update_timestamp": 1632197311,
    "last_attack_attacker": true,
    "last_attack_timestamp": 0,
    "note": "",
    "color": 0,
    "result": "",
    "fair_fight": 1.0,
    "flat_respect": 0.9431471805599453,
    "base_respect": 0.9431471805599453,
    "win": 1
  },
  "1801363": {
    "name": "NightMarauder",
    "life_current": 150,
    "life_maximum": 150,
    "status_description": "Okay",
    "status_color": "green",
    "status_state": "Okay",
    "status_until": 0,
    "level": 3,
    "last_action_relative": "2830 days ago",
    "last_action_timestamp": 1387685363,
    "last_action_status": "Offline",
    "update_timestamp": 1632197311,
    "last_attack_attacker": true,
    "last_attack_timestamp": 0,
    "note": "",
    "color": 0,
    "result": "",
    "fair_fight": 1.0,
    "flat_respect": 0.9431471805599453,
    "base_respect": 0.9431471805599453,
    "win": 1
  },
  "1801403": {
    "name": "wangji",
    "life_current": 275,
    "life_maximum": 275,
    "status_description": "Okay",
    "status_color": "green",
    "status_state": "Okay",
    "status_until": 0,
    "level": 8,
    "last_action_relative": "2807 days ago",
    "last_action_timestamp": 1389685918,
    "last_action_status": "Offline",
    "update_timestamp": 1632197311,
    "last_attack_attacker": true,
    "last_attack_timestamp": 0,
    "note": "",
    "color": 0,
    "result": "",
    "fair_fight": 1.0,
    "flat_respect": 0.9431471805599453,
    "base_respect": 0.9431471805599453,
    "win": 1
  },
  "1801441": {
    "name": "Charplaze",
    "life_current": 250,
    "life_maximum": 250,
    "status_description": "Okay",
    "status_color": "green",
    "status_state": "Okay",
    "status_until": 0,
    "level": 7,
    "last_action_relative": "2350 days ago",
    "last_action_timestamp": 1429169452,
    "last_action_status": "Offline",
    "update_timestamp": 1632197311,
    "last_attack_attacker": true,
    "last_attack_timestamp": 0,
    "note": "",
    "color": 0,
    "result": "",
    "fair_fight": 1.0,
    "flat_respect": 0.9431471805599453,
    "base_respect": 0.9431471805599453,
    "win": 1
  },
  "1801458": {
    "name": "abcisme",
    "life_current": 575,
    "life_maximum": 575,
    "status_description": "Okay",
    "status_color": "green",
    "status_state": "Okay",
    "status_until": 0,
    "level": 14,
    "last_action_relative": "2524 days ago",
    "last_action_timestamp": 1414148437,
    "last_action_status": "Offline",
    "update_timestamp": 1632197311,
    "last_attack_attacker": true,
    "last_attack_timestamp": 0,
    "note": "",
    "color": 0,
    "result": "",
    "fair_fight": 1.0,
    "flat_respect": 0.9431471805599453,
    "base_respect": 0.9431471805599453,
    "win": 1
  },
  "1801460": {
    "name": "noOovi",
    "life_current": 175,
    "life_maximum": 175,
    "status_description": "Okay",
    "status_color": "green",
    "status_state": "Okay",
    "status_until": 0,
    "level": 4,
    "last_action_relative": "2839 days ago",
    "last_action_timestamp": 1386875276,
    "last_action_status": "Offline",
    "update_timestamp": 1632197311,
    "last_attack_attacker": true,
    "last_attack_timestamp": 0,
    "note": "",
    "color": 0,
    "result": "",
    "fair_fight": 1.0,
    "flat_respect": 0.9431471805599453,
    "base_respect": 0.9431471805599453,
    "win": 1
  },
  "1801464": {
    "name": "pulaiindah",
    "life_current": 475,
    "life_maximum": 475,
    "status_description": "Okay",
    "status_color": "green",
    "status_state": "Okay",
    "status_until": 0,
    "level": 12,
    "last_action_relative": "2490 days ago",
    "last_action_timestamp": 1417081915,
    "last_action_status": "Offline",
    "update_timestamp": 1632197311,
    "last_attack_attacker": true,
    "last_attack_timestamp": 0,
    "note": "",
    "color": 0,
    "result": "",
    "fair_fight": 1.0,
    "flat_respect": 0.9431471805599453,
    "base_respect": 0.9431471805599453,
    "win": 1
  },
  "1801480": {
    "name": "Watermill",
    "life_current": 875,
    "life_maximum": 875,
    "status_description": "Okay",
    "status_color": "green",
    "status_state": "Okay",
    "status_until": 0,
    "level": 20,
    "last_action_relative": "2143 days ago",
    "last_action_timestamp": 1447043268,
    "last_action_status": "Offline",
    "update_timestamp": 1632197311,
    "last_attack_attacker": true,
    "last_attack_timestamp": 0,
    "note": "",
    "color": 0,
    "result": "",
    "fair_fight": 1.0,
    "flat_respect": 0.9431471805599453,
    "base_respect": 0.9431471805599453,
    "win": 1
  },
  "1801484": {
    "name": "antoinesanis",
    "life_current": 522,
    "life_maximum": 522,
    "status_description": "Okay",
    "status_color": "green",
    "status_state": "Okay",
    "status_until": 0,
    "level": 12,
    "last_action_relative": "2559 days ago",
    "last_action_timestamp": 1411052624,
    "last_action_status": "Offline",
    "update_timestamp": 1632197311,
    "last_attack_attacker": true,
    "last_attack_timestamp": 0,
    "note": "",
    "color": 0,
    "result": "",
    "fair_fight": 1.0,
    "flat_respect": 0.9431471805599453,
    "base_respect": 0.9431471805599453,
    "win": 1
  },
  "1801499": {
    "name": "Kitler",
    "life_current": 375,
    "life_maximum": 375,
    "status_description": "Okay",
    "status_color": "green",
    "status_state": "Okay",
    "status_until": 0,
    "level": 10,
    "last_action_relative": "2161 days ago",
    "last_action_timestamp": 1445453070,
    "last_action_status": "Offline",
    "update_timestamp": 1632197311,
    "last_attack_attacker": true,
    "last_attack_timestamp": 0,
    "note": "",
    "color": 0,
    "result": "",
    "fair_fight": 1.0,
    "flat_respect": 0.9431471805599453,
    "base_respect": 0.9431471805599453,
    "win": 1
  },
  "1801514": {
    "name": "Kaiay",
    "life_current": 375,
    "life_maximum": 375,
    "status_description": "Okay",
    "status_color": "green",
    "status_state": "Okay",
    "status_until": 0,
    "level": 10,
    "last_action_relative": "2710 days ago",
    "last_action_timestamp": 1398019599,
    "last_action_status": "Offline",
    "update_timestamp": 1632197311,
    "last_attack_attacker": true,
    "last_attack_timestamp": 0,
    "note": "",
    "color": 0,
    "result": "",
    "fair_fight": 1.0,
    "flat_respect": 0.9431471805599453,
    "base_respect": 0.9431471805599453,
    "win": 1
  },
  "1801515": {
    "name": "platinumcrime",
    "life_current": 375,
    "life_maximum": 375,
    "status_description": "Okay",
    "status_color": "green",
    "status_state": "Okay",
    "status_until": 0,
    "level": 10,
    "last_action_relative": "2188 days ago",
    "last_action_timestamp": 1443178927,
    "last_action_status": "Offline",
    "update_timestamp": 1632197311,
    "last_attack_attacker": true,
    "last_attack_timestamp": 0,
    "note": "",
    "color": 0,
    "result": "",
    "fair_fight": 1.0,
    "flat_respect": 0.9431471805599453,
    "base_respect": 0.9431471805599453,
    "win": 1
  },
  "1801521": {
    "name": "mejor100",
    "life_current": 325,
    "life_maximum": 325,
    "status_description": "Okay",
    "status_color": "green",
    "status_state": "Okay",
    "status_until": 0,
    "level": 9,
    "last_action_relative": "1995 days ago",
    "last_action_timestamp": 1459805687,
    "last_action_status": "Offline",
    "update_timestamp": 1632197311,
    "last_attack_attacker": true,
    "last_attack_timestamp": 0,
    "note": "",
    "color": 0,
    "result": "",
    "fair_fight": 1.0,
    "flat_respect": 0.9431471805599453,
    "base_respect": 0.9431471805599453,
    "win": 1
  },
  "1801522": {
    "name": "Parablush",
    "life_current": 498,
    "life_maximum": 498,
    "status_description": "Okay",
    "status_color": "green",
    "status_state": "Okay",
    "status_until": 0,
    "level": 12,
    "last_action_relative": "2787 days ago",
    "last_action_timestamp": 1391405208,
    "last_action_status": "Offline",
    "update_timestamp": 1632197311,
    "last_attack_attacker": true,
    "last_attack_timestamp": 0,
    "note": "",
    "color": 0,
    "result": "",
    "fair_fight": 1.0,
    "flat_respect": 0.9431471805599453,
    "base_respect": 0.9431471805599453,
    "win": 1
  },
  "1801528": {
    "name": "iftiilyani",
    "life_current": 175,
    "life_maximum": 175,
    "status_description": "Okay",
    "status_color": "green",
    "status_state": "Okay",
    "status_until": 0,
    "level": 4,
    "last_action_relative": "2839 days ago",
    "last_action_timestamp": 1386912487,
    "last_action_status": "Offline",
    "update_timestamp": 1632197311,
    "last_attack_attacker": true,
    "last_attack_timestamp": 0,
    "note": "",
    "color": 0,
    "result": "",
    "fair_fight": 1.0,
    "flat_respect": 0.9431471805599453,
    "base_respect": 0.9431471805599453,
    "win": 1
  },
  "1801529": {
    "name": "vieze-vieze",
    "life_current": 446,
    "life_maximum": 446,
    "status_description": "Okay",
    "status_color": "green",
    "status_state": "Okay",
    "status_until": 0,
    "level": 11,
    "last_action_relative": "2514 days ago",
    "last_action_timestamp": 1414972402,
    "last_action_status": "Offline",
    "update_timestamp": 1632197311,
    "last_attack_attacker": true,
    "last_attack_timestamp": 0,
    "note": "",
    "color": 0,
    "result": "",
    "fair_fight": 1.0,
    "flat_respect": 0.9431471805599453,
    "base_respect": 0.9431471805599453,
    "win": 1
  },
  "1801550": {
    "name": "Rowsley",
    "life_current": 825,
    "life_maximum": 825,
    "status_description": "Okay",
    "status_color": "green",
    "status_state": "Okay",
    "status_until": 0,
    "level": 19,
    "last_action_relative": "1155 days ago",
    "last_action_timestamp": 1532382198,
    "last_action_status": "Offline",
    "update_timestamp": 1632197311,
    "last_attack_attacker": true,
    "last_attack_timestamp": 0,
    "note": "",
    "color": 0,
    "result": "",
    "fair_fight": 1.0,
    "flat_respect": 0.9431471805599453,
    "base_respect": 0.9431471805599453,
    "win": 1
  },
  "1801570": {
    "name": "wizdevil",
    "life_current": 100,
    "life_maximum": 100,
    "status_description": "In federal jail permanently",
    "status_color": "red",
    "status_state": "Federal",
    "status_until": 1718496000,
    "level": 1,
    "last_action_relative": "2845 days ago",
    "last_action_timestamp": 1386406236,
    "last_action_status": "Offline",
    "update_timestamp": 1632197311,
    "last_attack_attacker": true,
    "last_attack_timestamp": 0,
    "note": "",
    "color": 0,
    "result": "",
    "fair_fight": 1.0,
    "flat_respect": 0.9431471805599453,
    "base_respect": 0.9431471805599453,
    "win": 1
  },
  "1801575": {
    "name": "TodBarker",
    "life_current": 425,
    "life_maximum": 425,
    "status_description": "Okay",
    "status_color": "green",
    "status_state": "Okay",
    "status_until": 0,
    "level": 11,
    "last_action_relative": "2496 days ago",
    "last_action_timestamp": 1416513478,
    "last_action_status": "Offline",
    "update_timestamp": 1632197311,
    "last_attack_attacker": true,
    "last_attack_timestamp": 0,
    "note": "",
    "color": 0,
    "result": "",
    "fair_fight": 1.0,
    "flat_respect": 0.9431471805599453,
    "base_respect": 0.9431471805599453,
    "win": 1
  },
  "1801586": {
    "name": "Crammers",
    "life_current": 775,
    "life_maximum": 775,
    "status_description": "Okay",
    "status_color": "green",
    "status_state": "Okay",
    "status_until": 0,
    "level": 18,
    "last_action_relative": "2275 days ago",
    "last_action_timestamp": 1435631028,
    "last_action_status": "Offline",
    "update_timestamp": 1632197311,
    "last_attack_attacker": true,
    "last_attack_timestamp": 0,
    "note": "",
    "color": 0,
    "result": "",
    "fair_fight": 1.0,
    "flat_respect": 0.9431471805599453,
    "base_respect": 0.9431471805599453,
    "win": 1
  },
  "1801612": {
    "name": "Nero_",
    "life_current": 125,
    "life_maximum": 125,
    "status_description": "Okay",
    "status_color": "green",
    "status_state": "Okay",
    "status_until": 0,
    "level": 2,
    "last_action_relative": "2856 days ago",
    "last_action_timestamp": 1385393644,
    "last_action_status": "Offline",
    "update_timestamp": 1632197311,
    "last_attack_attacker": true,
    "last_attack_timestamp": 0,
    "note": "",
    "color": 0,
    "result": "",
    "fair_fight": 1.0,
    "flat_respect": 0.9431471805599453,
    "base_respect": 0.9431471805599453,
    "win": 1
  },
  "1801628": {
    "name": "karimer",
    "life_current": 357,
    "life_maximum": 357,
    "status_description": "Okay",
    "status_color": "green",
    "status_state": "Okay",
    "status_until": 0,
    "level": 9,
    "last_action_relative": "2743 days ago",
    "last_action_timestamp": 1395167867,
    "last_action_status": "Offline",
    "update_timestamp": 1632197311,
    "last_attack_attacker": true,
    "last_attack_timestamp": 0,
    "note": "",
    "color": 0,
    "result": "",
    "fair_fight": 1.0,
    "flat_respect": 0.9431471805599453,
    "base_respect": 0.9431471805599453,
    "win": 1
  },
  "1801659": {
    "name": "markus928",
    "life_current": 175,
    "life_maximum": 175,
    "status_description": "Okay",
    "status_color": "green",
    "status_state": "Okay",
    "status_until": 0,
    "level": 4,
    "last_action_relative": "2835 days ago",
    "last_action_timestamp": 1387245029,
    "last_action_status": "Offline",
    "update_timestamp": 1632197311,
    "last_attack_attacker": true,
    "last_attack_timestamp": 0,
    "note": "",
    "color": 0,
    "result": "",
    "fair_fight": 1.0,
    "flat_respect": 0.9431471805599453,
    "base_respect": 0.9431471805599453,
    "win": 1
  },
  "1801665": {
    "name": "dx3410",
    "life_current": 325,
    "life_maximum": 325,
    "status_description": "Okay",
    "status_color": "green",
    "status_state": "Okay",
    "status_until": 0,
    "level": 9,
    "last_action_relative": "2470 days ago",
    "last_action_timestamp": 1418788870,
    "last_action_status": "Offline",
    "update_timestamp": 1632197311,
    "last_attack_attacker": true,
    "last_attack_timestamp": 0,
    "note": "",
    "color": 0,
    "result": "",
    "fair_fight": 1.0,
    "flat_respect": 0.9431471805599453,
    "base_respect": 0.9431471805599453,
    "win": 1
  },
  "1801674": {
    "name": "LikeAB0ss11",
    "life_current": 510,
    "life_maximum": 510,
    "status_description": "Okay",
    "status_color": "green",
    "status_state": "Okay",
    "status_until": 0,
    "level": 11,
    "last_action_relative": "1443 days ago",
    "last_action_timestamp": 1507523641,
    "last_action_status": "Offline",
    "update_timestamp": 1632197311,
    "last_attack_attacker": true,
    "last_attack_timestamp": 0,
    "note": "",
    "color": 0,
    "result": "",
    "fair_fight": 1.0,
    "flat_respect": 0.9431471805599453,
    "base_respect": 0.9431471805599453,
    "win": 1
  },
  "1801704": {
    "name": "pyronetics01",
    "life_current": 210,
    "life_maximum": 210,
    "status_description": "Okay",
    "status_color": "green",
    "status_state": "Okay",
    "status_until": 0,
    "level": 5,
    "last_action_relative": "2833 days ago",
    "last_action_timestamp": 1387409467,
    "last_action_status": "Offline",
    "update_timestamp": 1632197311,
    "last_attack_attacker": true,
    "last_attack_timestamp": 0,
    "note": "",
    "color": 0,
    "result": "",
    "fair_fight": 1.0,
    "flat_respect": 0.9431471805599453,
    "base_respect": 0.9431471805599453,
    "win": 1
  },
  "1801722": {
    "name": "AussieBabe1998",
    "life_current": 325,
    "life_maximum": 325,
    "status_description": "Okay",
    "status_color": "green",
    "status_state": "Okay",
    "status_until": 0,
    "level": 9,
    "last_action_relative": "2627 days ago",
    "last_action_timestamp": 1405247538,
    "last_action_status": "Offline",
    "update_timestamp": 1632197311,
    "last_attack_attacker": true,
    "last_attack_timestamp": 0,
    "note": "",
    "color": 0,
    "result": "",
    "fair_fight": 1.0,
    "flat_respect": 0.9431471805599453,
    "base_respect": 0.9431471805599453,
    "win": 1
  },
  "1801729": {
    "name": "roogle",
    "life_current": 875,
    "life_maximum": 875,
    "status_description": "Okay",
    "status_color": "green",
    "status_state": "Okay",
    "status_until": 0,
    "level": 20,
    "last_action_relative": "2793 days ago",
    "last_action_timestamp": 1390848665,
    "last_action_status": "Offline",
    "update_timestamp": 1632197311,
    "last_attack_attacker": true,
    "last_attack_timestamp": 0,
    "note": "",
    "color": 0,
    "result": "",
    "fair_fight": 1.0,
    "flat_respect": 0.9431471805599453,
    "base_respect": 0.9431471805599453,
    "win": 1
  },
  "1801759": {
    "name": "PrincessDrago",
    "life_current": 393,
    "life_maximum": 393,
    "status_description": "Okay",
    "status_color": "green",
    "status_state": "Okay",
    "status_until": 0,
    "level": 10,
    "last_action_relative": "1337 days ago",
    "last_action_timestamp": 1516666803,
    "last_action_status": "Offline",
    "update_timestamp": 1632197311,
    "last_attack_attacker": true,
    "last_attack_timestamp": 0,
    "note": "",
    "color": 0,
    "result": "",
    "fair_fight": 1.0,
    "flat_respect": 0.9431471805599453,
    "base_respect": 0.9431471805599453,
    "win": 1
  },
  "1801886": {
    "name": "Rickenbackers",
    "life_current": 150,
    "life_maximum": 150,
    "status_description": "In federal jail permanently",
    "status_color": "red",
    "status_state": "Federal",
    "status_until": 1718496000,
    "level": 3,
    "last_action_relative": "2145 days ago",
    "last_action_timestamp": 1446881309,
    "last_action_status": "Offline",
    "update_timestamp": 1632197311,
    "last_attack_attacker": true,
    "last_attack_timestamp": 0,
    "note": "",
    "color": 0,
    "result": "",
    "fair_fight": 1.0,
    "flat_respect": 0.9431471805599453,
    "base_respect": 0.9431471805599453,
    "win": 1
  },
  "1801887": {
    "name": "Laudenslager",
    "life_current": 150,
    "life_maximum": 150,
    "status_description": "In federal jail permanently",
    "status_color": "red",
    "status_state": "Federal",
    "status_until": 1718496000,
    "level": 3,
    "last_action_relative": "2145 days ago",
    "last_action_timestamp": 1446881264,
    "last_action_status": "Offline",
    "update_timestamp": 1632197311,
    "last_attack_attacker": true,
    "last_attack_timestamp": 0,
    "note": "",
    "color": 0,
    "result": "",
    "fair_fight": 1.0,
    "flat_respect": 0.9431471805599453,
    "base_respect": 0.9431471805599453,
    "win": 1
  }
}