{
  "1800134": {
    "name": "Janet12-",
    "life_current": 761,
    "life_maximum": 761,
    "status_description": "In federal jail permanently",
    "status_color": "red",
    "status_state": "Federal",
    "status_until": 1718496000,
    "level": 17,
    "last_action_relative": "1090 days ago",
    "last_action_timestamp": 1537998588,
    "last_action_status": "Offline",
    "update_timestamp": 1632197311,
    "last_attack_attacker": true,
    "last_attack_timestamp": 0,
    "note": "",
    "color": 0,
    "result": "",
    "fair_fight": 1.0,
    "flat_respect": 0.9431471805599453,
    "base_respect": 0.9431471805599453,
    "win": 1
  },
  "1800154": {
    "name": "Isy75",
    "life_current": 546,
    "life_maximum": 546,
    "status_description": "Okay",
    "status_color": "green",
    "status_state": "Okay",
    "status_until": 0,
    "level": 12,
    "last_action_relative": "2369 days ago",
    "last_action_timestamp": 1427450632,
    "last_action_status": "Offline",
    "update_timestamp": 1632197311,
    "last_attack_attacker": true,
    "last_attack_timestamp": 0,
    "note": "",
    "color": 0,
    "result": "",
    "fair_fight": 1.0,
    "flat_respect": 0.9431471805599453,
    "base_respect": 0.9431471805599453,
    "win": 1
  },
  "1800190": {
    "name": "SKYjack500",
    "life_current": 200,
    "life_maximum": 200,
    "status_description": "Okay",
    "status_color": "green",
    "status_state": "Okay",
    "status_until": 0,
    "level": 5,
    "last_action_relative": "2656 days ago",
    "last_action_timestamp": 1402704000,
    "last_action_status": "Offline",
    "update_timestamp": 1632197311,
    "last_attack_attacker": true,
    "last_attack_timestamp": 0,
    "note": "",
    "color": 0,
    "result": "",
    "fair_fight": 1.0,
    "flat_respect": 0.9431471805599453,
    "base_respect": 0.9431471805599453,
    "win": 1
  },
  "1800383": {
    "name": "Barawani",
    "life_current": 1236,
    "life_maximum": 1236,
    "status_description": "Okay",
    "status_color": "green",
    "status_state": "Okay",
    "status_until": 0,
    "level": 24,
    "last_action_relative": "2170 days ago",
    "last_action_timestamp": 1444716666,
    "last_action_status": "Offline",
    "update_timestamp": 1632197311,
    "last_attack_attacker": true,
    "last_attack_timestamp": 0,
    "note": "",
    "color": 0,
    "result": "",
    "fair_fight": 1.0,
    "flat_respect": 0.9431471805599453,
    "base_respect": 0.9431471805599453,
    "win": 1
  },
  "1800420": {
    "name": "Flighty_Zeus",
    "life_current": 1837,
    "life_maximum": 1837,
    "status_description": "Okay",
    "status_color": "green",
    "status_state": "Okay",
    "status_until": 0,
    "level": 27,
    "last_action_relative": "1441 days ago",
    "last_action_timestamp": 1507699906,
    "last_action_status": "Offline",
    "update_timestamp": 1632197311,
    "last_attack_attacker": true,
    "last_attack_timestamp": 0,
    "note": "",
    "color": 0,
    "result": "",
    "fair_fight": 1.0,
    "flat_respect": 0.9431471805599453,
    "base_respect": 0.9431471805599453,
    "win": 1
  },
  "1800681": {
    "name": "Phersu",
    "life_current": 1072,
    "life_maximum": 1072,
    "status_description": "Okay",
    "status_color": "green",
    "status_state": "Okay",
    "status_until": 0,
    "level": 22,
    "last_action_relative": "1321 days ago",
    "last_action_timestamp": 1518061978,
    "last_action_status": "Offline",
    "update_timestamp": 1632197311,
    "last_attack_attacker": true,
    "last_attack_timestamp": 0,
    "note": "",
    "color": 0,
    "result": "",
    "fair_fight": 1.0,
    "flat_respect": 0.9431471805599453,
    "base_respect": 0.9431471805599453,
    "win": 1
  },
  "1801423": {
    "name": "wbgbg",
    "life_current": 975,
    "life_maximum": 975,
    "status_description": "Okay",
    "status_color": "green",
    "status_state": "Okay",
    "status_until": 0,
    "level": 22,
    "last_action_relative": "2211 days ago",
    "last_action_timestamp": 1441195801,
    "last_action_status": "Offline",
    "update_timestamp": 1632197311,
    "last_attack_attacker": true,
    "last_attack_timestamp": 0,
    "note": "",
    "color": 0,
    "result": "",
    "fair_fight": 1.0,
    "flat_respect": 0.9431471805599453,
    "base_respect": 0.9431471805599453,
    "win": 1
  },
  "1801504": {
    "name": "azhen",
    "life_current": 875,
    "life_maximum": 875,
    "status_description": "Okay",
    "status_color": "green",
    "status_state": "Okay",
    "status_until": 0,
    "level": 20,
    "last_action_relative": "1313 days ago",
    "last_action_timestamp": 1518711735,
    "last_action_status": "Offline",
    "update_timestamp": 1632197311,
    "last_attack_attacker": true,
    "last_attack_timestamp": 0,
    "note": "",
    "color": 0,
    "result": "",
    "fair_fight": 1.0,
    "flat_respect": 0.9431471805599453,
    "base_respect": 0.9431471805599453,
    "win": 1
  },
  "1801506": {
    "name": "angel4",
    "life_current": 100,
    "life_maximum": 100,
    "status_description": "In federal jail permanently",
    "status_color": "red",
    "status_state": "Federal",
    "status_until": 1718496000,
    "level": 1,
    "last_action_relative": "2858 days ago",
    "last_action_timestamp": 1385235270,
    "last_action_status": "Offline",
    "update_timestamp": 1632197311,
    "last_attack_attacker": true,
    "last_attack_timestamp": 0,
    "note": "",
    "color": 0,
    "result": "",
    "fair_fight": 1.0,
    "flat_respect": 0.9431471805599453,
    "base_respect": 0.9431471805599453,
    "win": 1
  },
  "1801518": {
    "name": "optimum",
    "life_current": 625,
    "life_maximum": 625,
    "status_description": "In federal jail permanently",
    "status_color": "red",
    "status_state": "Federal",
    "status_until": 1718496000,
    "level": 15,
    "last_action_relative": "1972 days ago",
    "last_action_timestamp": 1461769874,
    "last_action_status": "Offline",
    "update_timestamp": 1632197311,
    "last_attack_attacker": true,
    "last_attack_timestamp": 0,
    "note": "",
    "color": 0,
    "result": "",
    "fair_fight": 1.0,
    "flat_respect": 0.9431471805599453,
    "base_respect": 0.9431471805599453,
    "win": 1
  },
  "1801673": {
    "name": "Carpi",
    "life_current": 100,
    "life_maximum": 100,
    "status_description": "In federal jail permanently",
    "status_color": "red",
    "status_state": "Federal",
    "status_until": 1718496000,
    "level": 1,
    "last_action_relative": "2857 days ago",
    "last_action_timestamp": 1385335666,
    "last_action_status": "Offline",
    "update_timestamp": 1632197311,
    "last_attack_attacker": true,
    "last_attack_timestamp": 0,
    "note": "",
    "color": 0,
    "result": "",
    "fair_fight": 1.0,
    "flat_respect": 0.9431471805599453,
    "base_respect": 0.9431471805599453,
    "win": 1
  },
  "1801777": {
    "name": "on9jeffy",
    "life_current": 1625,
    "life_maximum": 1625,
    "status_description": "Okay",
    "status_color": "green",
    "status_state": "Okay",
    "status_until": 0,
    "level": 35,
    "last_action_relative": "2118 days ago",
    "last_action_timestamp": 1449237218,
    "last_action_status": "Offline",
    "update_timestamp": 1632197311,
    "last_attack_attacker": true,
    "last_attack_timestamp": 0,
    "note": "",
    "color": 0,
    "result": "",
    "fair_fight": 1.0,
    "flat_respect": 0.9431471805599453,
    "base_respect": 0.9431471805599453,
    "win": 1
  },
  "1801794": {
    "name": "rider00250",
    "life_current": 866,
    "life_maximum": 866,
    "status_description": "Okay",
    "status_color": "green",
    "status_state": "Okay",
    "status_until": 0,
    "level": 19,
    "last_action_relative": "1732 days ago",
    "last_action_timestamp": 1482548337,
    "last_action_status": "Offline",
    "update_timestamp": 1632197311,
    "last_attack_attacker": true,
    "last_attack_timestamp": 0,
    "note": "",
    "color": 0,
    "result": "",
    "fair_fight": 1.0,
    "flat_respect": 0.9431471805599453,
    "base_respect": 0.9431471805599453,
    "win": 1
  },
  "1801797": {
    "name": "hypergemini",
    "life_current": 625,
    "life_maximum": 625,
    "status_description": "In federal jail permanently",
    "status_color": "red",
    "status_state": "Federal",
    "status_until": 1718496000,
    "level": 15,
    "last_action_relative": "2425 days ago",
    "last_action_timestamp": 1422700294,
    "last_action_status": "Offline",
    "update_timestamp": 1632197311,
    "last_attack_attacker": true,
    "last_attack_timestamp": 0,
    "note": "",
    "color": 0,
    "result": "",
    "fair_fight": 1.0,
    "flat_respect": 0.9431471805599453,
    "base_respect": 0.9431471805599453,
    "win": 1
  }
}