{
  "1800329": {
    "name": "Triple_Zer0",
    "life_current": 1025,
    "life_maximum": 1025,
    "status_description": "Okay",
    "status_color": "green",
    "status_state": "Okay",
    "status_until": 0,
    "level": 23,
    "last_action_relative": "2146 days ago",
    "last_action_timestamp": 1446750242,
    "last_action_status": "Offline",
    "update_timestamp": 1632197311,
    "last_attack_attacker": true,
    "last_attack_timestamp": 0,
    "note": "",
    "color": 0,
    "result": "",
    "fair_fight": 1.0,
    "flat_respect": 0.9431471805599453,
    "base_respect": 0.9431471805599453,
    "win": 1
  },
  "1800733": {
    "name": "_BOSS_",
    "life_current": 718,
    "life_maximum": 718,
    "status_description": "Okay",
    "status_color": "green",
    "status_state": "Okay",
    "status_until": 0,
    "level": 15,
    "last_action_relative": "2172 days ago",
    "last_action_timestamp": 1444530692,
    "last_action_status": "Offline",
    "update_timestamp": 1632197311,
    "last_attack_attacker": true,
    "last_attack_timestamp": 0,
    "note": "",
    "color": 0,
    "result": "",
    "fair_fight": 1.0,
    "flat_respect": 0.9431471805599453,
    "base_respect": 0.9431471805599453,
    "win": 1
  },
  "1800744": {
    "name": "brolexis",
    "life_current": 1325,
    "life_maximum": 1325,
    "status_description": "Okay",
    "status_color": "green",
    "status_state": "Okay",
    "status_until": 0,
    "level": 29,
    "last_action_relative": "2530 days ago",
    "last_action_timestamp": 1413568655,
    "last_action_status": "Offline",
    "update_timestamp": 1632197311,
    "last_attack_attacker": true,
    "last_attack_timestamp": 0,
    "note": "",
    "color": 0,
    "result": "",
    "fair_fight": 1.0,
    "flat_respect": 0.9431471805599453,
    "base_respect": 0.9431471805599453,
    "win": 1
  },
  "1800854": {
    "name": "LEAVING4AWHILE",
    "life_current": 687,
    "life_maximum": 687,
    "status_description": "In federal jail permanently",
    "status_color": "red",
    "status_state": "Federal",
    "status_until": 1718496000,
    "level": 15,
    "last_action_relative": "1720 days ago",
    "last_action_timestamp": 1483537467,
    "last_action_status": "Offline",
    "update_timestamp": 1632197311,
    "last_attack_attacker": true,
    "last_attack_timestamp": 0,
    "note": "",
    "color": 0,
    "result": "",
    "fair_fight": 1.0,
    "flat_respect": 0.9431471805599453,
    "base_respect": 0.9431471805599453,
    "win": 1
  },
  "1801173": {
    "name": "Klinsmann",
    "life_current": 100,
    "life_maximum": 100,
    "status_description": "In federal jail permanently",
    "status_color": "red",
    "status_state": "Federal",
    "status_until": 1718496000,
    "level": 1,
    "last_action_relative": "2859 days ago",
    "last_action_timestamp": 1385149411,
    "last_action_status": "Offline",
    "update_timestamp": 1632197311,
    "last_attack_attacker": true,
    "last_attack_timestamp": 0,
    "note": "",
    "color": 0,
    "result": "",
    "fair_fight": 1.0,
    "flat_respect": 0.9431471805599453,
    "base_respect": 0.9431471805599453,
    "win": 1
  },
  "1801322": {
    "name": "SHINE_mALICE",
    "life_current": 525,
    "life_maximum": 525,
    "status_description": "Okay",
    "status_color": "green",
    "status_state": "Okay",
    "status_until": 0,
    "level": 13,
    "last_action_relative": "2715 days ago",
    "last_action_timestamp": 1397595532,
    "last_action_status": "Offline",
    "update_timestamp": 1632197311,
    "last_attack_attacker": true,
    "last_attack_timestamp": 0,
    "note": "",
    "color": 0,
    "result": "",
    "fair_fight": 1.0,
    "flat_respect": 0.9431471805599453,
    "base_respect": 0.9431471805599453,
    "win": 1
  }
}