{
  "1801185": {
    "name": "Jame007",
    "life_current": 1025,
    "life_maximum": 1025,
    "status_description": "In federal jail permanently",
    "status_color": "red",
    "status_state": "Federal",
    "status_until": 1718496000,
    "level": 23,
    "last_action_relative": "629 days ago",
    "last_action_timestamp": 1577823460,
    "last_action_status": "Offline",
    "update_timestamp": 1632197311,
    "last_attack_attacker": true,
    "last_attack_timestamp": 0,
    "note": "",
    "color": 0,
    "result": "",
    "fair_fight": 1.0,
    "flat_respect": 0.9431471805599453,
    "base_respect": 0.9431471805599453,
    "win": 1
  },
  "1801367": {
    "name": "smartedboy",
    "life_current": 911,
    "life_maximum": 911,
    "status_description": "Okay",
    "status_color": "green",
    "status_state": "Okay",
    "status_until": 0,
    "level": 16,
    "last_action_relative": "1777 days ago",
    "last_action_timestamp": 1478664415,
    "last_action_status": "Offline",
    "update_timestamp": 1632197311,
    "last_attack_attacker": true,
    "last_attack_timestamp": 0,
    "note": "",
    "color": 0,
    "result": "",
    "fair_fight": 1.0,
    "flat_respect": 0.9431471805599453,
    "base_respect": 0.9431471805599453,
    "win": 1
  },
  "1801388": {
    "name": "Cmkayjc",
    "life_current": 875,
    "life_maximum": 875,
    "status_description": "Okay",
    "status_color": "green",
    "status_state": "Okay",
    "status_until": 0,
    "level": 20,
    "last_action_relative": "1624 days ago",
    "last_action_timestamp": 1491876425,
    "last_action_status": "Offline",
    "update_timestamp": 1632197311,
    "last_attack_attacker": true,
    "last_attack_timestamp": 0,
    "note": "",
    "color": 0,
    "result": "",
    "fair_fight": 1.0,
    "flat_respect": 0.9431471805599453,
    "base_respect": 0.9431471805599453,
    "win": 1
  },
  "1801643": {
    "name": "Gaby4Life",
    "life_current": 603,
    "life_maximum": 603,
    "status_description": "Okay",
    "status_color": "green",
    "status_state": "Okay",
    "status_until": 0,
    "level": 14,
    "last_action_relative": "1052 days ago",
    "last_action_timestamp": 1541263521,
    "last_action_status": "Offline",
    "update_timestamp": 1632197311,
    "last_attack_attacker": true,
    "last_attack_timestamp": 0,
    "note": "",
    "color": 0,
    "result": "",
    "fair_fight": 1.0,
    "flat_respect": 0.9431471805599453,
    "base_respect": 0.9431471805599453,
    "win": 1
  },
  "1801741": {
    "name": "JoanDou",
    "life_current": 875,
    "life_maximum": 875,
    "status_description": "Okay",
    "status_color": "green",
    "status_state": "Okay",
    "status_until": 0,
    "level": 20,
    "last_action_relative": "2746 days ago",
    "last_action_timestamp": 1394964098,
    "last_action_status": "Offline",
    "update_timestamp": 1632197311,
    "last_attack_attacker": true,
    "last_attack_timestamp": 0,
    "note": "",
    "color": 0,
    "result": "",
    "fair_fight": 1.0,
    "flat_respect": 0.9431471805599453,
    "base_respect": 0.9431471805599453,
    "win": 1
  }
}